LOCATIONID;X_Maaiveld binnenwaarts;Y_Maaiveld binnenwaarts;Z_Maaiveld binnenwaarts;X_Insteek sloot polderzijde;Y_Insteek sloot polderzijde;Z_Insteek sloot polderzijde;X_Slootbodem polderzijde;Y_Slootbodem polderzijde;Z_Slootbodem polderzijde;X_Slootbodem dijkzijde;Y_Slootbodem dijkzijde;Z_Slootbodem dijkzijde;X_Insteek sloot dijkzijde;Y_Insteek_sloot dijkzijde;Z_Insteek sloot dijkzijde;X_Teen dijk binnenwaarts;Y_Teen dijk binnenwaarts;Z_Teen dijk binnenwaarts;X_Kruin binnenberm;Y_Kruin binnenberm;Z_Kruin binnenberm;X_Insteek binnenberm;Y_Insteek binnenberm;Z_Insteek binnenberm;X_Kruin binnentalud;Y_Kruin binnentalud;Z_Kruin binnentalud;X_Verkeersbelasting kant binnenwaarts;Y_Verkeersbelasting kant binnenwaarts;Z_Verkeersbelasting kant binnenwaarts;X_Verkeersbelasting kant buitenwaarts;Y_Verkeersbelasting kant buitenwaarts;Z_Verkeersbelasting kant buitenwaarts;X_Kruin buitentalud;Y_Kruin buitentalud;Z_Kruin buitentalud;X_Insteek buitenberm;Y_Insteek buitenberm;Z_Insteek buitenberm;X_Kruin buitenberm;Y_Kruin buitenberm;Z_Kruin buitenberm;X_Teen dijk buitenwaarts;Y_Teen dijk buitenwaarts;Z_Teen dijk buitenwaarts;X_Insteek geul;Y_Insteek geul;Z_Insteek geul;X_Teen geul;Y_Teen geul;Z_Teen geul;X_Maaiveld buitenwaarts;Y_Maaiveld buitenwaarts;Z_Maaiveld buitenwaarts
12_2_00100;131644.520;548220.250;-1.450;-1.000;-1.000;-1.000;-1.000;-1.000;-1.000;-1.000;-1.000;-1.000;-1.000;-1.000;-1.000;131625.290;548263.140;-0.710;131617.510;548280.470;1.360;131608.510;548300.540;2.230;131606.460;548305.110;3.270;131606.460;548305.110;3.270;131605.437;548307.391;3.240;131600.930;548317.420;3.230;-1.000;-1.000;-1.000;-1.000;-1.000;-1.000;131597.250;548325.640;0.540;-1.000;-1.000;-1.000;-1.000;-1.000;-1.000;131597.040;548326.090;0.440
12_2_00200;131738.340;548265.810;-1.400;131715.700;548310.950;-1.340;131714.803;548312.737;-2.629;131713.907;548314.523;-2.629;131713.010;548316.310;-1.520;131706.280;548329.720;-1.210;131700.450;548341.340;1.870;131695.970;548350.280;2.030;131694.180;548353.860;3.110;131694.180;548353.860;3.110;131693.059;548356.095;3.029;131693.060;548356.090;3.030;131692.160;548357.880;2.280;131682.970;548376.200;1.860;131680.950;548380.230;1.810;-1.000;-1.000;-1.000;-1.000;-1.000;-1.000;131677.370;548387.380;-0.100
12_2_00300;131827.100;548308.190;-1.990;131804.980;548354.140;-1.360;131804.300;548355.567;-2.230;131803.830;548356.543;-2.230;131803.250;548357.750;-1.640;131794.360;548376.220;-0.720;131792.190;548380.720;1.110;131786.120;548393.340;1.700;131784.170;548397.390;2.990;131784.170;548397.390;2.990;131783.086;548399.643;2.912;131783.080;548399.650;2.910;131781.130;548403.700;1.740;131769.210;548428.480;1.570;131769.210;548428.480;1.570;-1.000;-1.000;-1.000;-1.000;-1.000;-1.000;131768.340;548430.280;1.390
12_2_00400;131915.820;548352.170;-1.860;131886.090;548415.540;-1.180;131885.517;548416.757;-1.806;131885.163;548417.503;-1.806;131884.600;548418.710;-1.100;131881.840;548424.590;-0.540;131880.140;548428.210;1.240;131875.470;548438.170;1.860;131873.980;548441.340;3.050;131873.980;548441.340;3.050;131872.918;548443.603;2.908;131873.130;548443.150;3.040;-1.000;-1.000;-1.000;-1.000;-1.000;-1.000;131869.730;548450.390;-0.010;-1.000;-1.000;-1.000;-1.000;-1.000;-1.000;131869.520;548450.840;0.030
12_2_00500;132006.110;548394.980;-1.980;131975.990;548459.280;-1.330;131975.517;548460.293;-1.894;131975.163;548461.047;-1.894;131974.300;548462.900;-1.160;131971.960;548467.880;-0.710;131969.840;548472.410;1.240;131965.600;548481.470;1.770;131964.110;548484.640;2.910;131964.110;548484.640;2.910;131963.050;548486.904;2.889;131963.050;548486.900;2.890;-1.000;-1.000;-1.000;-1.000;-1.000;-1.000;131959.660;548494.140;-0.010;-1.000;-1.000;-1.000;-1.000;-1.000;-1.000;131959.450;548494.600;-0.030
12_2_00600;132097.560;548440.330;-1.840;132085.400;548464.950;-1.740;132084.417;548466.943;-3.129;132083.433;548468.937;-3.129;132082.450;548470.930;-1.850;132066.110;548503.990;-1.210;132060.130;548516.090;1.260;132056.150;548524.160;1.590;132053.930;548528.640;3.000;132053.930;548528.640;3.000;132052.823;548530.881;2.821;132053.050;548530.440;2.940;-1.000;-1.000;-1.000;-1.000;-1.000;-1.000;132050.170;548536.260;0.230;-1.000;-1.000;-1.000;-1.000;-1.000;-1.000;132049.720;548537.160;0.000
12_2_00700;132180.280;548479.390;-0.370;-1.000;-1.000;-1.000;-1.000;-1.000;-1.000;-1.000;-1.000;-1.000;-1.000;-1.000;-1.000;132150.340;548555.730;0.240;132149.060;548558.990;1.380;132145.590;548567.830;1.720;132143.950;548572.020;3.140;132143.950;548572.020;3.140;132143.037;548574.347;2.990;132143.400;548573.420;3.160;-1.000;-1.000;-1.000;-1.000;-1.000;-1.000;132139.930;548582.270;-0.290;-1.000;-1.000;-1.000;-1.000;-1.000;-1.000;132139.910;548582.320;-0.290
12_2_00800;132144.080;548510.760;-0.270;-1.000;-1.000;-1.000;-1.000;-1.000;-1.000;-1.000;-1.000;-1.000;-1.000;-1.000;-1.000;132212.730;548551.840;0.220;132216.160;548553.890;1.630;132225.180;548559.280;2.210;132229.470;548561.850;4.180;132229.470;548561.850;4.180;132231.615;548563.134;3.948;132230.750;548562.620;4.180;-1.000;-1.000;-1.000;-1.000;-1.000;-1.000;132244.050;548570.580;-0.180;-1.000;-1.000;-1.000;-1.000;-1.000;-1.000;132244.480;548570.840;-0.230
12_2_00900;132185.870;548428.230;-2.820;-1.000;-1.000;-1.000;-1.000;-1.000;-1.000;-1.000;-1.000;-1.000;-1.000;-1.000;-1.000;132256.060;548463.390;-0.740;132265.890;548468.310;1.830;132269.920;548470.330;2.150;132274.390;548472.570;4.040;132274.390;548472.570;4.040;132276.625;548473.690;3.839;132275.730;548473.240;4.100;-1.000;-1.000;-1.000;-1.000;-1.000;-1.000;132291.380;548481.070;-0.280;-1.000;-1.000;-1.000;-1.000;-1.000;-1.000;132291.820;548481.300;-0.250
12_2_01000;132230.690;548338.710;-2.650;132248.120;548347.460;-1.900;132249.140;548347.973;-2.735;132250.160;548348.487;-2.735;132251.250;548349.040;-2.170;132303.520;548375.300;-0.710;132310.220;548378.660;1.920;132314.690;548380.910;2.370;132318.710;548382.930;4.060;132318.710;548382.930;4.060;132320.944;548384.052;3.971;132320.500;548383.820;4.060;-1.000;-1.000;-1.000;-1.000;-1.000;-1.000;132335.570;548391.400;-0.270;-1.000;-1.000;-1.000;-1.000;-1.000;-1.000;132335.690;548391.460;-0.300
12_2_01100;132274.830;548249.470;-2.810;132292.740;548258.370;-2.140;132293.937;548258.963;-2.976;132295.133;548259.557;-2.976;132296.330;548260.150;-2.210;132348.270;548285.950;-0.830;132354.980;548289.290;2.000;132359.460;548291.520;2.430;132363.940;548293.740;4.200;132363.940;548293.740;4.200;132366.180;548294.850;3.940;132365.280;548294.410;4.210;-1.000;-1.000;-1.000;-1.000;-1.000;-1.000;132380.420;548301.930;-0.280;-1.000;-1.000;-1.000;-1.000;-1.000;-1.000;132380.510;548301.970;-0.290
12_2_01200;132319.260;548160.710;-3.210;132336.790;548169.250;-2.340;132338.117;548169.900;-3.196;132339.443;548170.550;-3.196;132340.770;548171.200;-2.280;132391.610;548195.990;-0.900;132399.700;548199.940;2.080;132404.200;548202.130;2.540;132408.240;548204.100;4.280;132408.240;548204.100;4.280;132410.487;548205.196;4.081;132410.040;548204.980;4.180;-1.000;-1.000;-1.000;-1.000;-1.000;-1.000;132425.290;548212.410;-0.310;-1.000;-1.000;-1.000;-1.000;-1.000;-1.000;132425.320;548212.430;-0.310
12_2_01300;132364.790;548069.270;-2.860;132382.130;548078.190;-2.250;132383.463;548078.877;-3.205;132384.797;548079.563;-3.205;132387.020;548080.710;-2.200;132432.810;548104.270;-1.280;132443.930;548109.990;1.940;132447.040;548111.590;2.510;132451.040;548113.650;4.190;132451.040;548113.650;4.190;132453.263;548114.794;4.340;132455.040;548115.710;4.210;-1.000;-1.000;-1.000;-1.000;-1.000;-1.000;132468.380;548122.570;-0.130;-1.000;-1.000;-1.000;-1.000;-1.000;-1.000;132468.830;548122.800;-0.100
12_2_01400;132409.060;547981.150;-3.400;132426.070;547989.610;-2.710;132428.013;547990.573;-3.581;132429.507;547991.317;-3.581;132431.000;547992.060;-2.330;132477.560;548015.200;-1.470;132489.200;548020.990;2.090;132494.130;548023.440;2.680;132497.710;548025.220;4.220;132497.710;548025.220;4.220;132499.950;548026.330;4.130;132499.500;548026.110;4.220;-1.000;-1.000;-1.000;-1.000;-1.000;-1.000;132514.320;548033.480;-0.330;-1.000;-1.000;-1.000;-1.000;-1.000;-1.000;132514.720;548033.680;-0.330
12_2_01500;132454.230;547890.490;-3.300;132477.260;547902.310;-3.440;132478.120;547902.750;-4.040;132478.980;547903.190;-4.040;132479.840;547903.630;-3.480;132522.730;547925.650;-1.490;132534.290;547931.590;2.140;132538.300;547933.650;2.510;132542.300;547935.700;4.210;132542.300;547935.700;4.210;132544.524;547936.842;4.229;132544.524;547936.842;4.229;-1.000;-1.000;-1.000;-1.000;-1.000;-1.000;132558.310;547943.920;-0.010;-1.000;-1.000;-1.000;-1.000;-1.000;-1.000;132559.200;547944.380;-0.180
12_2_01600;132498.540;547802.390;-4.190;132526.760;547816.390;-3.030;132527.977;547816.987;-3.839;132529.163;547817.573;-3.839;132530.350;547818.160;-3.040;132567.080;547836.380;-1.550;132578.720;547842.160;2.100;132583.200;547844.380;2.590;132587.230;547846.380;4.330;132587.230;547846.380;4.330;132589.470;547847.490;4.230;132589.020;547847.270;4.330;-1.000;-1.000;-1.000;-1.000;-1.000;-1.000;132603.810;547854.600;-0.210;-1.000;-1.000;-1.000;-1.000;-1.000;-1.000;132604.250;547854.820;-0.330
12_2_01700;132543.210;547713.030;-4.580;132571.440;547727.000;-3.360;132572.637;547727.590;-4.236;132573.833;547728.180;-4.236;132575.480;547728.990;-3.250;132612.230;547747.180;-1.640;132623.880;547752.940;2.210;132627.910;547754.940;2.620;132631.940;547756.930;4.280;132631.940;547756.930;4.280;132634.180;547758.040;4.250;132633.740;547757.820;4.310;-1.000;-1.000;-1.000;-1.000;-1.000;-1.000;132648.520;547765.140;-0.250;-1.000;-1.000;-1.000;-1.000;-1.000;-1.000;132648.970;547765.360;-0.320
12_2_01800;132587.750;547623.970;-4.170;132588.200;547624.190;-4.390;132589.550;547624.850;-5.160;132591.350;547625.730;-5.090;132592.240;547626.170;-4.320;132660.950;547659.810;-1.070;132668.140;547663.320;1.970;132671.280;547664.860;2.620;132674.870;547666.620;4.070;132674.870;547666.620;4.070;132677.115;547667.719;4.240;132678.920;547668.600;4.170;-1.000;-1.000;-1.000;-1.000;-1.000;-1.000;132693.740;547675.850;-0.340;-1.000;-1.000;-1.000;-1.000;-1.000;-1.000;132694.180;547676.070;-0.370
12_2_01900;132632.460;547535.090;-4.800;132660.820;547548.800;-3.480;132662.620;547549.670;-4.300;132663.970;547550.320;-3.920;132665.320;547550.970;-2.990;132701.330;547568.380;-1.610;132713.490;547574.250;2.030;132717.540;547576.210;2.430;132721.590;547578.170;4.040;132721.590;547578.170;4.040;132723.840;547579.260;3.950;132723.390;547579.040;4.070;-1.000;-1.000;-1.000;-1.000;-1.000;-1.000;132738.250;547586.220;-0.250;-1.000;-1.000;-1.000;-1.000;-1.000;-1.000;132738.700;547586.440;-0.360
12_2_02000;132678.050;547445.050;-4.400;132706.290;547459.020;-3.390;132708.077;547459.903;-4.126;132709.423;547460.567;-4.126;132710.770;547461.230;-2.910;132746.170;547478.750;-1.560;132758.270;547484.740;1.880;132761.850;547486.510;2.160;132766.340;547488.730;3.990;132766.340;547488.730;3.990;132768.580;547489.840;3.850;132768.130;547489.620;3.960;-1.000;-1.000;-1.000;-1.000;-1.000;-1.000;132783.370;547497.160;-0.380;-1.000;-1.000;-1.000;-1.000;-1.000;-1.000;132783.810;547497.380;-0.390
12_2_02100;132722.540;547355.110;-3.940;132751.620;547369.620;-3.430;132753.020;547370.323;-4.157;132753.970;547370.797;-4.157;132755.650;547371.630;-2.950;132791.440;547389.490;-1.270;132802.180;547394.850;1.760;132806.650;547397.090;2.260;132811.120;547399.320;3.920;132811.120;547399.320;3.920;132813.357;547400.436;3.921;132813.357;547400.436;3.921;-1.000;-1.000;-1.000;-1.000;-1.000;-1.000;132827.480;547407.480;-0.340;-1.000;-1.000;-1.000;-1.000;-1.000;-1.000;132828.120;547407.800;-0.390
12_2_02200;132767.520;547265.190;-3.850;132796.970;547280.080;-3.400;132798.237;547280.727;-4.098;132799.333;547281.283;-4.098;132800.980;547282.120;-2.930;132836.230;547299.950;-1.250;132847.380;547305.590;1.960;132851.400;547307.620;2.340;132856.310;547310.100;4.200;132855.860;547309.880;4.090;132858.090;547311.010;4.030;132857.640;547310.780;4.110;-1.000;-1.000;-1.000;-1.000;-1.000;-1.000;132873.260;547318.680;-0.330;-1.000;-1.000;-1.000;-1.000;-1.000;-1.000;132873.710;547318.910;-0.360
12_2_02300;132812.360;547176.620;-4.140;132841.920;547191.300;-3.630;132843.133;547191.903;-4.288;132844.347;547192.507;-4.288;132845.560;547193.110;-3.320;132881.770;547211.100;-1.110;132892.070;547216.220;1.930;132897.000;547218.660;2.470;132901.030;547220.670;4.040;132901.030;547220.670;4.040;132903.269;547221.782;3.988;132903.269;547221.782;3.988;-1.000;-1.000;-1.000;-1.000;-1.000;-1.000;132917.540;547228.870;-0.330;-1.000;-1.000;-1.000;-1.000;-1.000;-1.000;132917.590;547228.900;-0.350
12_2_02400;132857.250;547086.950;-3.870;132886.770;547101.720;-3.670;132888.260;547102.463;-4.499;132889.750;547103.207;-4.499;132891.240;547103.950;-3.330;132926.120;547121.400;-1.400;132937.300;547127.000;2.060;132942.210;547129.460;2.660;132945.790;547131.250;4.220;132945.790;547131.250;4.220;132948.030;547132.360;4.130;132947.580;547132.140;4.240;-1.000;-1.000;-1.000;-1.000;-1.000;-1.000;132962.180;547139.450;-0.390;-1.000;-1.000;-1.000;-1.000;-1.000;-1.000;132962.340;547139.520;-0.410
12_2_02500;132902.390;546997.330;-3.820;132932.580;547012.570;-3.830;132933.750;547013.160;-4.361;132934.920;547013.750;-4.361;132936.320;547014.450;-3.240;132971.140;547032.020;-1.450;132982.290;547037.660;1.940;132986.760;547039.910;2.390;132990.780;547041.940;4.110;132990.780;547041.940;4.110;132993.012;547043.066;3.989;132992.560;547042.840;4.070;-1.000;-1.000;-1.000;-1.000;-1.000;-1.000;133005.950;547049.590;-0.180;-1.000;-1.000;-1.000;-1.000;-1.000;-1.000;133006.400;547049.820;-0.290
12_2_02600;132947.000;546908.450;-3.940;132976.970;546923.360;-3.490;132978.170;546923.960;-4.325;132979.370;546924.560;-4.325;132980.570;546925.160;-3.550;133015.490;546942.540;-1.700;133027.120;546948.330;1.730;133031.600;546950.560;2.330;133035.630;546952.570;3.940;133035.630;546952.570;3.940;133037.870;546953.680;3.870;133037.420;546953.460;3.940;-1.000;-1.000;-1.000;-1.000;-1.000;-1.000;133049.060;546959.250;-0.230;-1.000;-1.000;-1.000;-1.000;-1.000;-1.000;133052.430;546960.930;-0.220
12_2_02700;132992.090;546818.600;-3.890;133022.280;546833.830;-3.520;133023.537;546834.463;-4.249;133024.793;546835.097;-4.249;133026.050;546835.730;-3.290;133060.390;546853.050;-1.740;133072.890;546859.350;2.050;133076.460;546861.160;2.330;133080.480;546863.180;4.010;133080.480;546863.180;4.010;133082.710;546864.310;3.970;133082.710;546864.310;3.970;-1.000;-1.000;-1.000;-1.000;-1.000;-1.000;133097.300;546871.670;-0.390;-1.000;-1.000;-1.000;-1.000;-1.000;-1.000;133097.450;546871.740;-0.390
12_2_02800;133037.110;546729.490;-3.570;133067.380;546744.700;-3.300;133068.703;546745.363;-4.033;133070.027;546746.027;-4.033;133071.510;546746.770;-2.930;133105.020;546763.610;-1.570;133117.530;546769.890;2.040;133121.110;546771.690;2.240;133125.580;546773.930;4.030;133125.580;546773.930;4.030;133127.814;546775.052;3.919;133127.360;546774.830;4.000;-1.000;-1.000;-1.000;-1.000;-1.000;-1.000;133139.430;546780.890;-0.210;-1.000;-1.000;-1.000;-1.000;-1.000;-1.000;133142.180;546782.270;-0.320
12_2_02900;133081.810;546640.460;-3.870;133112.250;546655.610;-3.260;133113.590;546656.277;-3.848;133114.930;546656.943;-3.848;133116.270;546657.610;-2.640;133149.850;546674.320;-1.830;133161.930;546680.330;1.890;133166.860;546682.780;2.610;133170.440;546684.560;4.110;133170.440;546684.560;4.110;133172.678;546685.674;4.041;133172.678;546685.674;4.041;-1.000;-1.000;-1.000;-1.000;-1.000;-1.000;133187.160;546692.880;-0.360;-1.000;-1.000;-1.000;-1.000;-1.000;-1.000;133188.350;546693.470;-0.340
12_2_03000;133129.180;546552.500;-3.840;133157.210;546566.390;-3.180;133158.580;546567.070;-3.753;133159.950;546567.750;-3.753;133161.320;546568.430;-2.490;133195.480;546585.370;-1.350;133206.230;546590.700;1.770;133211.610;546593.360;2.530;133215.640;546595.360;4.100;133215.190;546595.140;4.040;133217.430;546596.250;3.890;133217.430;546596.250;3.890;-1.000;-1.000;-1.000;-1.000;-1.000;-1.000;133232.220;546603.580;-0.370;-1.000;-1.000;-1.000;-1.000;-1.000;-1.000;133232.660;546603.800;-0.370
12_2_03100;133171.380;546461.700;-3.510;133202.320;546477.070;-3.220;133203.650;546477.730;-3.716;133204.980;546478.390;-3.716;133206.310;546479.050;-2.430;133240.780;546496.190;-1.320;133247.500;546499.530;1.590;133256.450;546503.980;2.510;133260.040;546505.760;4.100;133260.040;546505.760;4.100;133262.279;546506.873;3.998;133262.270;546506.870;4.000;-1.000;-1.000;-1.000;-1.000;-1.000;-1.000;133277.050;546514.220;-0.250;-1.000;-1.000;-1.000;-1.000;-1.000;-1.000;133277.500;546514.440;-0.280
12_2_03200;133216.210;546372.030;-3.640;133246.620;546387.240;-3.130;133247.963;546387.910;-3.736;133249.307;546388.580;-3.736;133250.650;546389.250;-2.540;133285.080;546406.470;-1.540;133295.810;546411.840;1.770;133301.180;546414.520;2.520;133304.760;546416.310;4.070;133304.760;546416.310;4.070;133306.996;546417.428;4.019;133306.540;546417.210;4.110;-1.000;-1.000;-1.000;-1.000;-1.000;-1.000;133318.620;546423.250;-0.030;-1.000;-1.000;-1.000;-1.000;-1.000;-1.000;133321.750;546424.810;-0.370
12_2_03300;133261.340;546282.340;-3.820;133291.240;546297.440;-3.370;133292.380;546298.017;-3.937;133293.520;546298.593;-3.937;133294.660;546299.170;-2.970;133329.620;546316.830;-1.550;133340.770;546322.470;1.800;133346.130;546325.170;2.590;133349.700;546326.980;4.100;133349.700;546326.980;4.100;133351.930;546328.110;3.930;133351.480;546327.880;4.050;-1.000;-1.000;-1.000;-1.000;-1.000;-1.000;133363.530;546333.970;-0.090;-1.000;-1.000;-1.000;-1.000;-1.000;-1.000;133366.660;546335.550;-0.240
12_2_03400;133306.110;546192.970;-3.800;133335.570;546207.840;-3.350;133336.760;546208.440;-3.955;133337.950;546209.040;-3.955;133339.140;546209.640;-2.960;133373.960;546227.210;-1.770;133385.120;546232.840;1.700;133390.480;546235.550;2.360;133394.490;546237.570;3.940;133394.490;546237.570;3.940;133396.722;546238.696;3.762;133396.280;546238.470;3.900;-1.000;-1.000;-1.000;-1.000;-1.000;-1.000;133407.880;546244.330;-0.090;-1.000;-1.000;-1.000;-1.000;-1.000;-1.000;133411.460;546246.130;-0.230
12_2_03500;133350.920;546103.370;-3.840;133379.460;546117.840;-3.250;133380.770;546118.503;-3.961;133382.080;546119.167;-3.961;133383.390;546119.830;-2.910;133418.710;546137.730;-1.680;133430.750;546143.840;1.730;133435.660;546146.320;2.310;133439.220;546148.130;3.910;133439.220;546148.130;3.910;133441.450;546149.260;3.730;133441.010;546149.040;3.850;-1.000;-1.000;-1.000;-1.000;-1.000;-1.000;133453.050;546155.140;-0.160;-1.000;-1.000;-1.000;-1.000;-1.000;-1.000;133455.280;546156.270;-0.270
12_2_03600;133395.190;546015.000;-3.490;133421.650;546028.030;-3.330;133422.627;546028.513;-4.029;133423.603;546028.997;-4.029;133424.580;546029.480;-3.420;133462.920;546048.350;-1.760;133475.030;546054.320;1.690;133480.410;546056.970;2.370;133484.000;546058.730;3.940;133484.000;546058.730;3.940;133486.240;546059.840;3.830;133485.800;546059.620;3.930;-1.000;-1.000;-1.000;-1.000;-1.000;-1.000;133497.460;546065.360;-0.250;-1.000;-1.000;-1.000;-1.000;-1.000;-1.000;133501.500;546067.350;-0.380
12_2_03700;133439.890;545925.070;-3.480;133463.620;545936.880;-3.440;133464.567;545937.353;-3.945;133465.513;545937.827;-3.945;133466.460;545938.300;-3.180;133507.930;545958.940;-1.910;133520.020;545964.950;1.540;133524.940;545967.410;2.340;133528.520;545969.190;4.080;133528.520;545969.190;4.080;133530.760;545970.300;3.910;133530.310;545970.080;4.030;-1.000;-1.000;-1.000;-1.000;-1.000;-1.000;133542.400;545976.090;-0.080;-1.000;-1.000;-1.000;-1.000;-1.000;-1.000;133546.430;545978.100;-0.360
12_2_03800;133485.250;545835.010;-3.840;133508.260;545846.710;-3.330;133509.207;545847.190;-3.927;133510.153;545847.670;-3.927;133511.100;545848.150;-3.250;133552.550;545869.220;-1.960;133565.480;545875.790;1.710;133569.490;545877.830;2.200;133573.500;545879.870;4.100;133573.500;545879.870;4.100;133575.730;545881.000;3.980;133575.730;545881.000;3.980;-1.000;-1.000;-1.000;-1.000;-1.000;-1.000;133586.880;545886.660;-0.140;-1.000;-1.000;-1.000;-1.000;-1.000;-1.000;133591.330;545888.930;-0.360
12_2_03900;133529.890;545745.280;-3.750;133553.040;545757.120;-3.130;133553.933;545757.573;-3.756;133554.827;545758.027;-3.756;133555.720;545758.480;-3.180;133597.570;545779.880;-1.970;133610.480;545786.470;1.600;133614.040;545788.300;1.930;133618.050;545790.340;3.820;133618.050;545790.340;3.820;133620.276;545791.478;3.719;133619.830;545791.250;3.860;-1.000;-1.000;-1.000;-1.000;-1.000;-1.000;133632.290;545797.630;-0.200;-1.000;-1.000;-1.000;-1.000;-1.000;-1.000;133634.960;545798.990;-0.250
12_2_04000;133574.670;545656.300;-3.370;133597.610;545667.910;-2.810;133598.673;545668.450;-3.481;133599.737;545668.990;-3.481;133600.800;545669.530;-2.720;133642.920;545690.860;-1.580;133655.410;545697.180;1.760;133659.430;545699.220;2.120;133663.000;545701.020;3.870;133663.000;545701.020;3.870;133665.230;545702.150;3.780;133664.780;545701.930;3.870;-1.000;-1.000;-1.000;-1.000;-1.000;-1.000;133676.380;545707.800;-0.100;-1.000;-1.000;-1.000;-1.000;-1.000;-1.000;133680.390;545709.830;-0.360
12_2_04100;133619.570;545566.750;-3.510;133642.740;545578.540;-2.420;133643.980;545579.167;-3.244;133644.900;545579.633;-3.244;133645.860;545580.130;-2.600;133688.200;545601.660;-1.710;133699.350;545607.320;1.330;133704.250;545609.810;1.950;133707.810;545611.630;3.770;133707.810;545611.630;3.770;133710.040;545612.760;3.600;133709.600;545612.530;3.730;-1.000;-1.000;-1.000;-1.000;-1.000;-1.000;133721.180;545618.430;-0.010;-1.000;-1.000;-1.000;-1.000;-1.000;-1.000;133724.060;545619.890;-0.210
12_2_04200;133664.410;545477.470;-3.520;133687.900;545489.380;-2.640;133688.873;545489.877;-3.179;133689.697;545490.293;-3.179;133690.520;545490.710;-2.510;133733.080;545512.310;-1.590;133744.230;545517.970;1.590;133748.680;545520.230;2.100;133752.700;545522.270;4.050;133752.700;545522.270;4.050;133754.929;545523.401;3.880;133754.480;545523.170;4.010;-1.000;-1.000;-1.000;-1.000;-1.000;-1.000;133766.520;545529.280;-0.080;-1.000;-1.000;-1.000;-1.000;-1.000;-1.000;133769.670;545530.880;-0.350
12_2_04300;133709.520;545388.110;-3.250;133732.690;545399.900;-2.590;133733.643;545400.380;-3.221;133734.507;545400.820;-3.221;133735.410;545401.280;-2.620;133777.700;545422.790;-1.660;133789.290;545428.690;1.700;133793.750;545430.960;2.180;133797.310;545432.770;3.880;133797.310;545432.770;3.880;133799.540;545433.900;3.890;133799.540;545433.900;3.890;-1.000;-1.000;-1.000;-1.000;-1.000;-1.000;133811.130;545439.800;-0.050;-1.000;-1.000;-1.000;-1.000;-1.000;-1.000;133814.690;545441.610;-0.330
12_2_04400;133796.110;545319.720;-1.820;-1.000;-1.000;-1.000;-1.000;-1.000;-1.000;-1.000;-1.000;-1.000;-1.000;-1.000;-1.000;133828.130;545336.170;-0.480;133834.800;545339.600;2.000;133841.470;545343.030;3.350;133843.250;545343.940;3.950;133843.250;545343.940;3.950;133845.474;545345.082;3.678;133844.590;545344.630;3.950;-1.000;-1.000;-1.000;-1.000;-1.000;-1.000;133856.590;545350.800;-0.180;-1.000;-1.000;-1.000;-1.000;-1.000;-1.000;133858.820;545351.940;-0.270
12_2_04500;133798.660;545210.720;-3.180;133821.560;545221.940;-2.440;133822.757;545222.530;-3.191;133823.953;545223.120;-3.191;133825.150;545223.710;-2.340;133866.900;545244.180;-1.170;133878.570;545249.900;1.970;133883.060;545252.100;2.390;133887.100;545254.080;4.000;133887.100;545254.080;4.000;133889.345;545255.181;4.089;133889.345;545255.181;4.089;-1.000;-1.000;-1.000;-1.000;-1.000;-1.000;133905.510;545263.110;-0.320;-1.000;-1.000;-1.000;-1.000;-1.000;-1.000;133905.960;545263.330;-0.360
12_2_04600;133869.750;545098.650;-2.460;133878.870;545107.920;-2.840;133879.920;545108.990;-3.719;133880.970;545110.060;-3.719;133882.020;545111.130;-2.800;133916.030;545145.700;-1.330;133930.410;545160.320;3.040;133936.020;545166.020;2.540;133939.180;545169.230;4.250;133939.180;545169.230;4.250;133940.933;545171.012;4.088;133940.580;545170.650;4.200;-1.000;-1.000;-1.000;-1.000;-1.000;-1.000;133953.550;545183.840;-0.210;-1.000;-1.000;-1.000;-1.000;-1.000;-1.000;133955.660;545185.980;-0.210
12_2_04700;134028.910;545070.570;-3.610;-1.000;-1.000;-1.000;-1.000;-1.000;-1.000;-1.000;-1.000;-1.000;-1.000;-1.000;-1.000;134031.710;545111.470;-2.460;134033.210;545133.420;2.040;134033.520;545137.910;2.350;134033.860;545142.900;4.210;134033.860;545142.900;4.210;134034.030;545145.394;4.118;134034.030;545145.394;4.118;-1.000;-1.000;-1.000;-1.000;-1.000;-1.000;134035.220;545162.850;-0.200;-1.000;-1.000;-1.000;-1.000;-1.000;-1.000;134035.490;545166.840;-0.300
12_2_04800;134068.810;545071.160;-3.470;-1.000;-1.000;-1.000;-1.000;-1.000;-1.000;-1.000;-1.000;-1.000;-1.000;-1.000;-1.000;134083.800;545079.180;-2.840;134104.080;545090.040;1.860;134106.720;545091.460;2.190;134112.010;545094.290;4.280;134112.010;545094.290;4.280;134114.214;545095.470;4.291;134114.220;545095.470;4.290;-1.000;-1.000;-1.000;-1.000;-1.000;-1.000;134132.290;545105.140;-0.130;-1.000;-1.000;-1.000;-1.000;-1.000;-1.000;134132.730;545105.380;-0.200
12_2_04900;134100.080;544973.650;-3.700;-1.000;-1.000;-1.000;-1.000;-1.000;-1.000;-1.000;-1.000;-1.000;-1.000;-1.000;-1.000;134130.760;544990.490;-2.620;134152.240;545002.280;1.950;134156.630;545004.690;2.350;134161.010;545007.090;4.170;134161.010;545007.090;4.170;134163.202;545008.293;4.059;134163.202;545008.293;4.059;-1.000;-1.000;-1.000;-1.000;-1.000;-1.000;134182.490;545018.880;-0.300;-1.000;-1.000;-1.000;-1.000;-1.000;-1.000;134182.930;545019.120;-0.370
12_2_05000;134152.810;544889.070;-3.540;-1.000;-1.000;-1.000;-1.000;-1.000;-1.000;-1.000;-1.000;-1.000;-1.000;-1.000;-1.000;134181.850;544904.730;-2.580;134201.220;544915.170;2.160;134204.740;544917.070;2.390;134209.140;544919.450;4.220;134209.140;544919.450;4.220;134211.340;544920.637;4.109;134211.340;544920.630;4.110;-1.000;-1.000;-1.000;-1.000;-1.000;-1.000;134226.300;544928.700;-0.170;-1.000;-1.000;-1.000;-1.000;-1.000;-1.000;134229.380;544930.360;-0.230
12_2_05100;134212.780;544807.740;-3.610;-1.000;-1.000;-1.000;-1.000;-1.000;-1.000;-1.000;-1.000;-1.000;-1.000;-1.000;-1.000;134229.060;544816.540;-2.800;134247.970;544826.760;2.000;134251.050;544828.430;2.370;134256.330;544831.280;4.190;134256.330;544831.280;4.190;134258.529;544832.469;4.300;134258.530;544832.470;4.300;-1.000;-1.000;-1.000;-1.000;-1.000;-1.000;134277.880;544842.930;-0.190;-1.000;-1.000;-1.000;-1.000;-1.000;-1.000;134278.320;544843.160;-0.310
12_2_05200;134236.250;544748.030;-3.450;-1.000;-1.000;-1.000;-1.000;-1.000;-1.000;-1.000;-1.000;-1.000;-1.000;-1.000;-1.000;134255.420;544744.430;-2.460;134275.560;544740.640;1.960;134279.990;544739.810;2.220;134285.390;544738.790;4.250;134285.390;544738.790;4.250;134287.847;544738.328;4.011;134287.360;544738.420;4.210;-1.000;-1.000;-1.000;-1.000;-1.000;-1.000;134308.490;544734.440;-0.240;-1.000;-1.000;-1.000;-1.000;-1.000;-1.000;134308.980;544734.350;-0.230
12_2_05300;134160.830;544675.540;-0.930;-1.000;-1.000;-1.000;-1.000;-1.000;-1.000;-1.000;-1.000;-1.000;-1.000;-1.000;-1.000;-1.000;-1.000;-1.000;-1.000;-1.000;-1.000;-1.000;-1.000;-1.000;-1.000;-1.000;-1.000;-1.000;-1.000;-1.000;-1.000;-1.000;-1.000;-1.000;-1.000;-1.000;-1.000;-1.000;-1.000;-1.000;-1.000;-1.000;-1.000;-1.000;-1.000;-1.000;-1.000;-1.000;-1.000;-1.000;-1.000;134278.780;544635.680;-0.320
12_2_05400;134148.440;544519.570;-3.140;134165.290;544524.290;-2.820;134166.573;544524.650;-3.670;134167.857;544525.010;-3.670;134169.140;544525.370;-2.920;134220.180;544539.670;-1.350;134232.690;544543.180;1.730;134239.910;544545.200;2.450;134243.770;544546.280;4.100;134243.290;544546.140;3.940;134245.697;544546.814;4.049;134245.697;544546.814;4.049;134250.510;544548.170;2.320;134256.280;544549.780;1.730;134266.400;544552.620;-0.170;-1.000;-1.000;-1.000;-1.000;-1.000;-1.000;134266.880;544552.750;-0.230
12_2_05500;134199.230;544411.990;-3.220;134221.390;544423.090;-2.850;134222.647;544423.720;-3.728;134223.903;544424.350;-3.728;134225.160;544424.980;-2.920;134265.840;544445.350;-1.450;134278.810;544451.840;1.880;134281.940;544453.410;2.300;134286.860;544455.870;3.990;134286.860;544455.870;3.990;134289.095;544456.989;4.030;134289.540;544457.220;3.980;-1.000;-1.000;-1.000;-1.000;-1.000;-1.000;134303.850;544464.380;-0.220;-1.000;-1.000;-1.000;-1.000;-1.000;-1.000;134304.290;544464.600;-0.250
12_2_05600;134243.800;544322.940;-3.090;134265.760;544333.820;-2.790;134267.253;544334.560;-3.750;134268.747;544335.300;-3.750;134270.240;544336.040;-2.710;134309.660;544355.580;-1.430;134321.310;544361.350;1.640;134325.790;544363.570;2.280;134329.820;544365.570;4.010;134329.820;544365.570;4.010;134332.060;544366.680;4.150;134334.300;544367.790;4.270;-1.000;-1.000;-1.000;-1.000;-1.000;-1.000;134347.640;544374.400;0.090;-1.000;-1.000;-1.000;-1.000;-1.000;-1.000;134348.190;544374.670;0.110
12_2_05700;134289.340;544231.400;-2.620;134311.750;544243.140;-2.590;134313.287;544243.943;-3.570;134314.823;544244.747;-3.570;134316.360;544245.550;-2.470;134355.780;544266.200;-1.400;134368.180;544272.700;2.080;134371.720;544274.560;2.680;134374.820;544276.180;4.380;134374.820;544276.180;4.380;134377.035;544277.340;4.590;134378.360;544278.040;4.540;-1.000;-1.000;-1.000;-1.000;-1.000;-1.000;134393.420;544285.930;-0.230;-1.000;-1.000;-1.000;-1.000;-1.000;-1.000;134393.870;544286.160;-0.260
12_2_05800;134334.030;544143.030;-2.700;134356.280;544154.420;-2.810;134357.640;544155.113;-3.606;134359.000;544155.807;-3.606;134360.360;544156.500;-2.570;134400.350;544176.960;-1.490;134411.030;544182.420;2.060;134418.160;544186.070;2.510;134422.160;544188.120;4.310;134422.160;544188.120;4.310;134424.386;544189.259;4.181;134424.386;544189.259;4.181;-1.000;-1.000;-1.000;-1.000;-1.000;-1.000;134434.180;544194.270;-0.100;-1.000;-1.000;-1.000;-1.000;-1.000;-1.000;134438.630;544196.540;-0.290
12_2_05900;134378.950;544053.950;-2.910;134400.790;544065.060;-2.590;134402.117;544065.737;-3.459;134403.443;544066.413;-3.459;134404.770;544067.090;-2.540;134444.470;544087.270;-1.640;134458.280;544094.300;2.000;134463.180;544096.800;2.750;134466.750;544098.610;4.190;134466.750;544098.610;4.190;134468.980;544099.740;4.260;134468.980;544099.740;4.260;-1.000;-1.000;-1.000;-1.000;-1.000;-1.000;134481.900;544106.320;-0.300;-1.000;-1.000;-1.000;-1.000;-1.000;-1.000;134483.680;544107.220;-0.340
12_2_06000;134422.300;543966.790;-2.880;134444.870;543977.530;-2.610;134446.160;543978.143;-3.492;134447.450;543978.757;-3.492;134448.740;543979.370;-2.660;134490.020;543999.010;-1.570;134502.670;544005.020;1.790;134506.280;544006.740;2.460;134509.890;544008.460;4.060;134509.890;544008.460;4.060;134512.150;544009.530;4.330;134513.500;544010.180;4.240;-1.000;-1.000;-1.000;-1.000;-1.000;-1.000;134525.240;544015.760;-0.180;-1.000;-1.000;-1.000;-1.000;-1.000;-1.000;134527.050;544016.620;-0.200
12_2_06100;134468.570;543874.890;-3.030;134490.820;543886.280;-2.720;134492.157;543886.963;-3.521;134493.493;543887.647;-3.521;134494.830;543888.330;-2.520;134535.780;543909.280;-1.420;134548.690;543915.890;2.170;134552.250;543917.710;2.510;134556.250;543919.760;4.260;134556.250;543919.760;4.260;134558.476;543920.899;4.301;134558.030;543920.670;4.400;-1.000;-1.000;-1.000;-1.000;-1.000;-1.000;134568.720;543926.140;-0.120;-1.000;-1.000;-1.000;-1.000;-1.000;-1.000;134572.280;543927.960;-0.210
12_2_06200;134513.180;543785.590;-2.760;134535.460;543796.940;-2.650;134536.797;543797.623;-3.436;134538.133;543798.307;-3.436;134539.470;543798.990;-2.420;134580.450;543819.870;-1.480;134593.370;543826.450;2.400;134597.380;543828.500;2.830;134601.390;543830.540;4.510;134601.390;543830.540;4.510;134603.620;543831.670;4.340;134603.170;543831.450;4.440;-1.000;-1.000;-1.000;-1.000;-1.000;-1.000;134613.860;543836.890;0.020;-1.000;-1.000;-1.000;-1.000;-1.000;-1.000;134617.430;543838.710;-0.280
12_2_06300;134557.970;543696.590;-3.060;134579.830;543707.630;-2.470;134581.023;543708.230;-3.381;134582.217;543708.830;-3.381;134583.890;543709.680;-2.460;134625.360;543730.620;-1.520;134637.410;543736.700;2.140;134643.210;543739.630;3.060;134646.340;543741.210;4.410;134646.340;543741.210;4.410;134648.570;543742.340;4.210;134648.570;543742.340;4.210;-1.000;-1.000;-1.000;-1.000;-1.000;-1.000;134658.390;543747.300;0.000;-1.000;-1.000;-1.000;-1.000;-1.000;-1.000;134662.400;543749.330;-0.180
12_2_06400;134602.680;543607.240;-3.080;134625.010;543618.490;-2.640;134626.200;543619.090;-3.350;134627.390;543619.690;-3.350;134628.580;543620.290;-2.460;134670.110;543641.220;-1.470;134683.500;543647.960;2.370;134687.520;543649.990;2.860;134691.090;543651.790;4.500;134690.650;543651.560;4.400;134692.880;543652.690;4.420;134693.330;543652.910;4.270;-1.000;-1.000;-1.000;-1.000;-1.000;-1.000;134703.150;543657.860;0.160;-1.000;-1.000;-1.000;-1.000;-1.000;-1.000;134706.720;543659.660;-0.130
12_2_06500;134647.680;543517.100;-3.080;134670.190;543528.660;-2.590;134671.433;543529.297;-3.343;134672.677;543529.933;-3.343;134674.190;543530.710;-2.330;134714.850;543551.580;-1.400;134727.300;543557.970;2.100;134731.750;543560.260;2.800;134735.750;543562.310;4.340;134735.750;543562.310;4.340;134737.974;543563.452;4.261;134737.980;543563.450;4.260;-1.000;-1.000;-1.000;-1.000;-1.000;-1.000;134751.320;543570.300;-0.230;-1.000;-1.000;-1.000;-1.000;-1.000;-1.000;134752.210;543570.760;-0.310
12_2_06600;134692.690;543427.950;-3.040;134714.910;543439.320;-2.520;134716.387;543440.073;-3.450;134717.863;543440.827;-3.450;134719.340;543441.580;-2.390;134759.020;543461.890;-1.310;134771.920;543468.490;2.100;134776.820;543471.000;2.700;134780.380;543472.820;4.280;134780.380;543472.820;4.280;134782.606;543473.959;4.291;134782.610;543473.960;4.290;-1.000;-1.000;-1.000;-1.000;-1.000;-1.000;134795.510;543480.560;-0.210;-1.000;-1.000;-1.000;-1.000;-1.000;-1.000;134795.960;543480.790;-0.220
12_2_06700;134737.310;543338.910;-2.810;134759.610;543350.210;-2.600;134760.800;543350.813;-3.386;134761.990;543351.417;-3.386;134763.180;543352.020;-2.570;134803.770;543372.580;-1.350;134816.700;543379.130;2.050;134821.610;543381.620;2.660;134825.620;543383.650;4.340;134825.620;543383.650;4.340;134827.850;543384.780;4.150;134827.410;543384.550;4.280;-1.000;-1.000;-1.000;-1.000;-1.000;-1.000;134840.340;543391.110;-0.160;-1.000;-1.000;-1.000;-1.000;-1.000;-1.000;134840.790;543391.330;-0.180
12_2_06800;134782.250;543249.260;-2.930;134804.520;543260.620;-2.590;134805.870;543261.310;-3.405;134807.220;543262.000;-3.405;134808.570;543262.690;-2.400;134850.840;543284.250;-1.190;134861.530;543289.710;1.970;134866.870;543292.430;2.770;134870.430;543294.250;4.280;134870.430;543294.250;4.280;134872.657;543295.386;4.091;134872.660;543295.390;4.090;-1.000;-1.000;-1.000;-1.000;-1.000;-1.000;134885.130;543301.750;-0.150;-1.000;-1.000;-1.000;-1.000;-1.000;-1.000;134885.580;543301.980;-0.220
12_2_06900;134826.020;543161.680;-2.880;134848.830;543172.720;-2.550;134850.057;543173.313;-3.338;134851.283;543173.907;-3.338;134852.510;543174.500;-2.490;134893.070;543194.140;-1.340;134906.570;543200.680;2.130;134911.970;543203.290;3.020;134915.120;543204.820;4.390;134915.120;543204.820;4.390;134917.370;543205.910;4.310;134917.370;543205.910;4.310;-1.000;-1.000;-1.000;-1.000;-1.000;-1.000;134929.970;543212.010;0.010;-1.000;-1.000;-1.000;-1.000;-1.000;-1.000;134930.870;543212.440;-0.270
12_2_07000;134871.460;543070.820;-2.710;134894.230;543082.290;-2.570;134895.273;543082.817;-3.261;134896.317;543083.343;-3.261;134897.360;543083.870;-2.550;134939.330;543105.020;-1.180;134950.940;543110.870;1.980;134954.510;543112.670;2.640;134959.420;543115.150;4.320;134959.420;543115.150;4.320;134961.650;543116.280;4.330;134961.650;543116.280;4.330;-1.000;-1.000;-1.000;-1.000;-1.000;-1.000;134973.710;543122.350;-0.100;-1.000;-1.000;-1.000;-1.000;-1.000;-1.000;134974.150;543122.580;-0.100
12_2_07100;134915.680;542982.500;-2.980;134938.590;542993.700;-2.470;134939.640;542994.210;-3.080;134940.690;542994.720;-3.080;134941.740;542995.230;-2.290;134983.970;543015.870;-1.120;134995.650;543021.580;2.140;135000.590;543023.990;2.720;135004.630;543025.970;4.390;135004.630;543025.970;4.390;135006.876;543027.068;4.231;135006.876;543027.068;4.231;-1.000;-1.000;-1.000;-1.000;-1.000;-1.000;135019.450;543033.210;-0.190;-1.000;-1.000;-1.000;-1.000;-1.000;-1.000;135019.900;543033.430;-0.300
12_2_07200;134961.890;542892.240;-2.650;134984.030;542903.450;-2.410;134985.380;542904.130;-3.010;134986.570;542904.730;-3.010;134987.760;542905.330;-1.950;135028.360;542925.880;-1.340;135040.850;542932.210;2.210;135045.760;542934.690;2.720;135049.320;542936.500;4.160;135049.320;542936.500;4.160;135051.550;542937.630;4.080;135051.550;542937.630;4.080;-1.000;-1.000;-1.000;-1.000;-1.000;-1.000;135064.490;542944.180;-0.310;-1.000;-1.000;-1.000;-1.000;-1.000;-1.000;135064.940;542944.400;-0.300
12_2_07300;135005.830;542802.700;-3.110;135028.620;542814.160;-2.460;135029.763;542814.733;-3.212;135030.907;542815.307;-3.212;135032.050;542815.880;-2.430;135073.290;542836.620;-1.360;135085.800;542842.910;2.120;135090.710;542845.380;2.800;135093.840;542846.950;4.150;135093.840;542846.950;4.150;135096.074;542848.073;4.200;135096.520;542848.300;4.090;-1.000;-1.000;-1.000;-1.000;-1.000;-1.000;135107.240;542853.690;-0.200;-1.000;-1.000;-1.000;-1.000;-1.000;-1.000;135108.130;542854.140;-0.310
12_2_07400;135050.470;542713.760;-3.230;135072.850;542724.880;-2.420;135074.047;542725.473;-3.276;135075.243;542726.067;-3.276;135076.440;542726.660;-2.530;135118.080;542747.350;-1.360;135130.620;542753.580;2.220;135135.540;542756.030;2.800;135138.680;542757.590;4.030;135138.680;542757.590;4.030;135140.919;542758.702;4.068;135140.919;542758.702;4.068;-1.000;-1.000;-1.000;-1.000;-1.000;-1.000;135153.140;542764.770;-0.210;-1.000;-1.000;-1.000;-1.000;-1.000;-1.000;135153.450;542764.930;-0.210
12_2_07500;135095.470;542623.690;-2.940;135118.230;542635.190;-2.400;135119.463;542635.813;-3.129;135120.697;542636.437;-3.129;135122.250;542637.220;-2.270;135163.750;542658.200;-1.400;135175.790;542664.290;2.250;135180.260;542666.550;2.720;135183.830;542668.350;4.120;135183.830;542668.350;4.120;135186.060;542669.480;4.100;135186.060;542669.480;4.100;-1.000;-1.000;-1.000;-1.000;-1.000;-1.000;135199.440;542676.250;-0.310;-1.000;-1.000;-1.000;-1.000;-1.000;-1.000;135199.890;542676.470;-0.310
12_2_07600;135140.990;542533.330;-2.960;135163.160;542544.870;-2.340;135164.493;542545.560;-3.131;135165.827;542546.250;-3.131;135167.160;542546.940;-2.120;135208.850;542568.640;-1.180;-1.000;-1.000;-1.000;-1.000;-1.000;-1.000;135228.810;542579.030;4.360;135228.810;542579.030;4.360;135231.028;542580.184;4.250;135231.028;542580.184;4.250;-1.000;-1.000;-1.000;-1.000;-1.000;-1.000;135243.890;542586.880;-0.230;-1.000;-1.000;-1.000;-1.000;-1.000;-1.000;135244.330;542587.110;-0.250
12_2_07700;135185.880;542444.500;-2.820;135208.560;542456.160;-2.440;135209.687;542456.740;-2.990;135210.813;542457.320;-2.990;135212.110;542457.990;-2.030;135255.690;542480.410;-0.730;-1.000;-1.000;-1.000;-1.000;-1.000;-1.000;135273.470;542489.560;4.210;135273.470;542489.560;4.210;135275.693;542490.704;4.239;135275.693;542490.704;4.239;-1.000;-1.000;-1.000;-1.000;-1.000;-1.000;135289.030;542497.570;-0.250;-1.000;-1.000;-1.000;-1.000;-1.000;-1.000;135289.480;542497.800;-0.220
12_2_07800;135230.230;542355.740;-3.010;135252.550;542367.010;-2.390;135253.740;542367.610;-3.170;135254.930;542368.210;-3.170;135256.120;542368.810;-2.350;135298.530;542390.210;-1.310;135311.030;542396.520;2.120;135315.040;542398.540;2.600;135318.610;542400.350;4.190;135318.610;542400.350;4.190;135320.842;542401.476;4.161;135320.842;542401.476;4.161;-1.000;-1.000;-1.000;-1.000;-1.000;-1.000;135332.450;542407.330;-0.170;-1.000;-1.000;-1.000;-1.000;-1.000;-1.000;135333.340;542407.780;-0.210
12_2_07900;135274.820;542266.680;-3.160;135297.190;542277.860;-2.480;135298.530;542278.530;-3.289;135299.870;542279.200;-3.289;135301.210;542279.870;-2.300;135343.260;542300.880;-1.330;135355.330;542306.910;2.080;135359.800;542309.150;2.580;135363.380;542310.930;4.160;135363.380;542310.930;4.160;135365.616;542312.047;4.051;135365.616;542312.047;4.051;-1.000;-1.000;-1.000;-1.000;-1.000;-1.000;135378.140;542318.310;-0.290;-1.000;-1.000;-1.000;-1.000;-1.000;-1.000;135378.590;542318.530;-0.300
12_2_08000;135319.790;542177.610;-3.210;135342.170;542188.740;-2.540;135343.513;542189.407;-3.415;135344.857;542190.073;-3.415;135346.200;542190.740;-2.490;135388.290;542211.650;-1.200;135399.490;542217.220;1.700;135403.970;542219.440;2.340;135408.440;542221.670;4.170;135408.000;542221.440;4.030;135410.239;542222.553;4.131;135410.680;542222.780;4.010;-1.000;-1.000;-1.000;-1.000;-1.000;-1.000;135422.920;542228.860;-0.220;-1.000;-1.000;-1.000;-1.000;-1.000;-1.000;135423.220;542229.010;-0.250
12_2_08100;135364.880;542087.750;-3.350;135387.200;542098.990;-2.590;135388.243;542099.517;-3.441;135389.287;542100.043;-3.441;135390.330;542100.570;-2.890;135432.750;542121.940;-1.210;135444.810;542128.010;1.930;135449.720;542130.480;2.540;135453.290;542132.280;4.210;135453.290;542132.280;4.210;135455.523;542133.405;4.062;135455.080;542133.180;4.200;-1.000;-1.000;-1.000;-1.000;-1.000;-1.000;135468.030;542139.700;-0.210;-1.000;-1.000;-1.000;-1.000;-1.000;-1.000;135468.480;542139.930;-0.240
12_2_08200;135409.490;541999.270;-2.940;135431.910;542010.310;-2.680;135433.107;542010.900;-3.411;135434.303;542011.490;-3.411;135435.500;542012.080;-2.540;135479.020;542033.500;-1.040;135489.330;542038.580;1.770;135494.720;542041.230;2.520;135498.310;542043.000;4.210;135498.310;542043.000;4.210;135500.553;542044.104;4.049;135500.553;542044.104;4.049;-1.000;-1.000;-1.000;-1.000;-1.000;-1.000;135511.760;542049.620;-0.330;-1.000;-1.000;-1.000;-1.000;-1.000;-1.000;135512.210;542049.840;-0.240
12_2_08300;135454.710;541909.190;-3.040;135476.160;541919.960;-2.530;135477.797;541920.783;-3.729;135479.433;541921.607;-3.729;135481.070;541922.430;-2.730;135522.630;541943.300;-1.220;135534.690;541949.360;1.740;135539.610;541951.830;2.450;135543.180;541953.620;4.100;135543.180;541953.620;4.100;135545.414;541954.742;3.999;135545.410;541954.740;4.000;-1.000;-1.000;-1.000;-1.000;-1.000;-1.000;135557.920;541961.030;-0.220;-1.000;-1.000;-1.000;-1.000;-1.000;-1.000;135558.370;541961.250;-0.300
12_2_08400;135499.460;541820.280;-3.210;135521.410;541831.170;-2.690;135522.603;541831.763;-3.600;135523.797;541832.357;-3.600;135524.990;541832.950;-2.910;135566.640;541853.630;-1.380;135580.520;541860.520;1.900;135584.550;541862.520;2.320;135588.140;541864.300;3.970;135588.140;541864.300;3.970;135590.380;541865.410;3.830;135590.380;541865.410;3.830;-1.000;-1.000;-1.000;-1.000;-1.000;-1.000;135602.540;541871.450;-0.250;-1.000;-1.000;-1.000;-1.000;-1.000;-1.000;135602.910;541871.640;-0.280
12_2_08500;135544.850;541730.300;-3.340;135566.270;541741.140;-2.610;135567.980;541742.003;-3.584;135569.250;541742.647;-3.584;135570.520;541743.290;-2.740;135609.980;541763.270;-1.230;135622.030;541769.370;1.600;135629.160;541772.980;2.460;135633.180;541775.010;4.060;135633.180;541775.010;4.060;135635.410;541776.140;3.960;135634.960;541775.920;4.050;-1.000;-1.000;-1.000;-1.000;-1.000;-1.000;135647.610;541782.320;-0.290;-1.000;-1.000;-1.000;-1.000;-1.000;-1.000;135647.900;541782.470;-0.300
12_2_08600;135589.880;541641.100;-3.340;135611.300;541651.920;-2.380;135612.790;541652.670;-3.436;135614.280;541653.420;-3.436;135615.770;541654.170;-2.490;135657.270;541675.150;-0.690;135666.640;541679.880;1.490;135674.230;541683.720;2.310;135678.240;541685.740;3.920;135678.240;541685.740;3.920;135680.470;541686.870;3.700;135680.030;541686.650;3.860;-1.000;-1.000;-1.000;-1.000;-1.000;-1.000;135691.630;541692.510;-0.150;-1.000;-1.000;-1.000;-1.000;-1.000;-1.000;135691.930;541692.660;-0.180
12_2_08700;135634.790;541551.470;-3.120;135657.520;541563.020;-1.660;135659.157;541563.853;-2.632;135660.793;541564.687;-2.632;135662.870;541565.740;-1.130;135682.480;541575.710;-0.950;135700.310;541584.780;1.570;135718.140;541593.850;2.030;135723.040;541596.340;4.120;135723.040;541596.340;4.120;135725.270;541597.470;4.070;135725.270;541597.470;4.070;-1.000;-1.000;-1.000;-1.000;-1.000;-1.000;135738.190;541604.040;-0.150;-1.000;-1.000;-1.000;-1.000;-1.000;-1.000;135738.640;541604.270;-0.210
12_2_08800;135679.620;541462.500;-3.150;135703.280;541474.420;-1.950;135704.770;541475.170;-3.006;135706.260;541475.920;-3.006;135707.750;541476.670;-2.060;135743.920;541494.890;-1.040;135759.100;541502.540;3.050;135765.350;541505.690;3.210;135768.030;541507.040;4.000;135768.030;541507.040;4.000;135770.263;541508.165;3.901;135770.263;541508.165;3.901;-1.000;-1.000;-1.000;-1.000;-1.000;-1.000;135782.770;541514.460;-0.260;-1.000;-1.000;-1.000;-1.000;-1.000;-1.000;135783.210;541514.680;-0.190
12_2_08900;135724.450;541372.620;-3.220;135749.840;541385.570;-1.930;135751.173;541386.250;-2.853;135752.507;541386.930;-2.853;135753.840;541387.610;-1.980;135793.930;541408.050;-0.670;135804.620;541413.510;2.440;135809.520;541416.010;2.870;135812.640;541417.600;3.890;135812.640;541417.600;3.890;135814.870;541418.730;3.870;135814.870;541418.730;3.870;135817.540;541420.090;2.990;135823.780;541423.270;2.860;135826.450;541424.640;1.540;-1.000;-1.000;-1.000;-1.000;-1.000;-1.000;135899.500;541461.890;-0.250
12_2_09000;135768.380;541285.520;-3.030;135794.980;541298.270;-2.010;135796.030;541298.777;-2.690;135797.080;541299.283;-2.690;135798.130;541299.790;-1.970;135837.810;541318.810;-1.040;135844.570;541322.060;1.120;135853.590;541326.380;2.340;135857.640;541328.330;3.920;135857.640;541328.330;3.920;135859.894;541329.411;3.891;135859.900;541329.410;3.890;-1.000;-1.000;-1.000;-1.000;-1.000;-1.000;135865.760;541332.220;1.760;-1.000;-1.000;-1.000;-1.000;-1.000;-1.000;135881.090;541339.570;1.520
12_2_09100;135814.510;541194.120;-3.090;135841.240;541207.740;-1.770;135842.430;541208.343;-2.681;135843.620;541208.947;-2.681;135844.810;541209.550;-1.990;135884.020;541229.520;-0.740;135889.810;541232.470;1.550;135899.170;541237.230;2.960;135902.280;541238.820;3.960;135902.280;541238.820;3.960;135904.508;541239.955;3.900;135904.960;541240.180;3.800;-1.000;-1.000;-1.000;-1.000;-1.000;-1.000;135909.860;541242.680;1.890;-1.000;-1.000;-1.000;-1.000;-1.000;-1.000;135925.900;541250.850;1.550
12_2_09200;135860.350;541104.960;-2.720;135886.150;541118.190;-1.740;135888.820;541119.560;-3.025;135891.490;541120.930;-3.025;135894.160;541122.300;-1.310;135912.410;541131.640;-0.820;135920.860;541135.980;1.820;135943.110;541147.380;2.570;135946.670;541149.200;4.040;135946.670;541149.200;4.040;135948.895;541150.340;4.159;135948.895;541150.340;4.159;135952.900;541152.400;3.210;135980.930;541166.760;2.530;135988.210;541170.490;-0.220;-1.000;-1.000;-1.000;-1.000;-1.000;-1.000;135988.500;541170.640;-0.220
12_2_09300;135903.160;541016.890;-3.000;135932.390;541031.110;-1.750;135933.737;541031.767;-2.834;135935.083;541032.423;-2.834;135936.430;541033.080;-2.120;135965.210;541047.080;-2.100;135967.900;541048.390;-1.100;135973.300;541051.020;-0.310;135983.640;541056.050;4.100;135983.640;541056.050;4.100;135985.888;541057.144;4.130;135994.430;541061.300;4.030;-1.000;-1.000;-1.000;-1.000;-1.000;-1.000;136002.520;541065.240;1.590;-1.000;-1.000;-1.000;-1.000;-1.000;-1.000;136083.000;541104.410;1.400
12_2_09400;135948.240;540927.160;-3.180;135977.850;540941.720;-1.840;135979.497;540942.530;-2.801;135980.693;540943.120;-2.801;135981.890;540943.710;-2.110;136007.460;540956.290;-2.160;136017.330;540961.140;1.380;136033.930;540969.310;3.250;136036.630;540970.630;4.010;136036.630;540970.630;4.010;136038.873;540971.733;4.009;136038.873;540971.733;4.009;-1.000;-1.000;-1.000;-1.000;-1.000;-1.000;136045.150;540974.820;2.010;-1.000;-1.000;-1.000;-1.000;-1.000;-1.000;136117.840;541010.570;1.850
12_2_09500;135992.860;540836.920;-2.870;136022.370;540851.680;-2.010;136023.853;540852.423;-3.090;136025.337;540853.167;-3.090;136026.820;540853.910;-2.180;136049.200;540865.100;-2.070;136069.770;540875.390;1.610;136076.480;540878.750;2.210;136080.950;540880.980;3.740;136080.950;540880.980;3.740;136083.186;540882.098;3.840;136083.186;540882.098;3.840;-1.000;-1.000;-1.000;-1.000;-1.000;-1.000;136089.900;540885.450;1.960;-1.000;-1.000;-1.000;-1.000;-1.000;-1.000;136171.730;540926.380;1.620
12_2_09600;136038.340;540745.130;-3.360;136068.810;540761.310;-2.340;136070.137;540762.013;-3.196;136071.463;540762.717;-3.196;136072.790;540763.420;-2.250;136101.930;540778.910;-1.290;136112.970;540784.770;1.600;136118.270;540787.580;2.190;136124.890;540791.100;3.990;136124.890;540791.100;3.990;136127.098;540792.273;4.080;136127.980;540792.740;3.960;-1.000;-1.000;-1.000;-1.000;-1.000;-1.000;136134.160;540796.030;1.930;-1.000;-1.000;-1.000;-1.000;-1.000;-1.000;136214.970;540838.950;1.500
12_2_09700;136084.090;540658.330;-2.960;136113.520;540673.260;-2.530;136115.153;540674.087;-3.463;136116.787;540674.913;-3.463;136118.420;540675.740;-2.200;136147.410;540690.440;-1.390;136158.110;540695.870;1.370;136163.010;540698.360;2.140;136170.600;540702.200;3.900;136170.600;540702.200;3.900;136172.830;540703.331;3.939;136172.820;540703.340;3.940;-1.000;-1.000;-1.000;-1.000;-1.000;-1.000;136185.310;540709.670;-0.280;-1.000;-1.000;-1.000;-1.000;-1.000;-1.000;136185.760;540709.890;-0.350
12_2_09800;136127.390;540568.690;-3.430;136158.230;540584.150;-2.380;136159.870;540584.970;-3.395;136161.510;540585.790;-3.395;136163.150;540586.610;-2.210;136193.090;540601.630;-1.310;136206.060;540608.130;1.790;136210.520;540610.370;2.160;136215.890;540613.060;3.890;136215.890;540613.060;3.890;136218.125;540614.180;3.869;136218.125;540614.180;3.869;-1.000;-1.000;-1.000;-1.000;-1.000;-1.000;136230.640;540620.450;-0.270;-1.000;-1.000;-1.000;-1.000;-1.000;-1.000;136230.700;540620.480;-0.270
12_2_09900;136172.430;540479.680;-3.420;136203.310;540495.070;-2.660;136204.503;540495.663;-3.365;136205.697;540496.257;-3.365;136206.890;540496.850;-2.470;136237.770;540512.240;-1.400;136251.190;540518.930;1.630;136258.800;540522.720;2.900;136261.040;540523.830;3.980;136261.040;540523.830;3.980;136263.278;540524.945;3.781;136263.278;540524.945;3.781;-1.000;-1.000;-1.000;-1.000;-1.000;-1.000;136274.460;540530.520;-0.100;-1.000;-1.000;-1.000;-1.000;-1.000;-1.000;136274.910;540530.750;-0.220
12_2_10000;136216.670;540390.920;-2.890;136247.680;540406.050;-2.620;136249.177;540406.783;-3.505;136250.673;540407.517;-3.505;136252.170;540408.250;-2.390;136285.420;540424.470;-1.030;136295.760;540429.520;1.490;136301.600;540432.370;2.500;136305.190;540434.120;4.040;136305.190;540434.120;4.040;136307.437;540435.216;4.121;136307.437;540435.216;4.121;-1.000;-1.000;-1.000;-1.000;-1.000;-1.000;136320.470;540441.580;0.000;-1.000;-1.000;-1.000;-1.000;-1.000;-1.000;136320.920;540441.800;-0.220
12_2_10100;136261.640;540301.190;-3.570;136293.040;540316.660;-2.700;136294.387;540317.323;-3.461;136295.733;540317.987;-3.461;136297.080;540318.650;-2.420;136330.270;540335.000;-1.020;136341.930;540340.740;2.050;136346.410;540342.950;2.710;136350.450;540344.940;4.260;136350.450;540344.940;4.260;136352.693;540346.045;4.129;136352.690;540346.040;4.130;-1.000;-1.000;-1.000;-1.000;-1.000;-1.000;136363.010;540351.130;-0.040;-1.000;-1.000;-1.000;-1.000;-1.000;-1.000;136367.490;540353.340;-0.180
12_2_10200;136306.720;540211.380;-3.540;136337.560;540226.760;-2.830;136339.063;540227.510;-3.713;136340.567;540228.260;-3.713;136342.070;540229.010;-2.580;136375.180;540245.520;-1.560;136385.920;540250.880;1.840;136391.290;540253.560;2.800;136394.870;540255.340;4.230;136394.870;540255.340;4.230;136397.107;540256.456;4.250;136397.550;540256.680;4.150;-1.000;-1.000;-1.000;-1.000;-1.000;-1.000;136407.840;540261.810;-0.090;-1.000;-1.000;-1.000;-1.000;-1.000;-1.000;136411.870;540263.820;-0.340
12_2_10300;136351.780;540121.370;-3.570;136382.550;540136.970;-2.690;136383.737;540137.573;-3.534;136384.923;540138.177;-3.534;136386.110;540138.780;-2.780;136420.450;540156.190;-1.360;136431.160;540161.610;2.000;136436.510;540164.330;2.730;136440.070;540166.130;4.240;136440.070;540166.130;4.240;136442.300;540167.260;4.100;136442.300;540167.260;4.100;-1.000;-1.000;-1.000;-1.000;-1.000;-1.000;136456.130;540174.270;-0.330;-1.000;-1.000;-1.000;-1.000;-1.000;-1.000;136456.450;540174.440;-0.320
12_2_10400;136396.920;540032.010;-3.640;136428.120;540047.870;-2.790;136429.307;540048.473;-3.494;136430.493;540049.077;-3.494;136431.680;540049.680;-2.600;136465.560;540066.910;-1.290;136476.250;540072.340;2.110;136481.160;540074.840;2.590;136484.720;540076.650;4.200;136484.720;540076.650;4.200;136486.950;540077.780;4.250;136486.950;540077.780;4.250;-1.000;-1.000;-1.000;-1.000;-1.000;-1.000;136497.650;540083.220;0.010;-1.000;-1.000;-1.000;-1.000;-1.000;-1.000;136501.210;540085.040;-0.350
12_2_10500;136441.440;539943.220;-3.420;136473.190;539959.090;-2.700;136474.017;539959.503;-3.240;136474.843;539959.917;-3.240;136475.670;539960.330;-2.670;136509.860;539977.430;-1.560;136520.150;539982.570;1.890;136523.280;539984.140;2.560;136526.860;539985.930;4.040;136526.410;539985.700;4.010;136528.646;539986.818;4.050;136531.780;539988.390;4.290;-1.000;-1.000;-1.000;-1.000;-1.000;-1.000;136542.510;539993.750;0.010;-1.000;-1.000;-1.000;-1.000;-1.000;-1.000;136545.640;539995.320;-0.210
12_2_10600;136472.350;539876.590;-3.110;136503.390;539882.850;-2.750;136504.480;539883.067;-3.437;136505.570;539883.283;-3.437;136506.660;539883.500;-2.790;136547.350;539891.700;-1.570;136560.580;539894.370;2.590;136563.030;539894.860;2.950;136568.910;539896.050;4.590;136568.910;539896.050;4.590;136571.361;539896.544;4.630;136571.361;539896.544;4.630;-1.000;-1.000;-1.000;-1.000;-1.000;-1.000;136584.600;539899.210;-0.060;-1.000;-1.000;-1.000;-1.000;-1.000;-1.000;136587.050;539899.700;-0.030
12_2_10700;136474.960;539803.160;-3.260;136502.410;539801.450;-2.900;136503.907;539801.357;-3.800;136505.403;539801.263;-3.800;136506.900;539801.170;-2.900;136550.310;539798.460;-1.470;136561.790;539797.740;2.110;136568.780;539797.310;2.810;136573.770;539797.000;4.570;136573.770;539797.000;4.570;136576.265;539796.844;4.519;136576.260;539796.840;4.520;-1.000;-1.000;-1.000;-1.000;-1.000;-1.000;136589.240;539796.030;0.050;-1.000;-1.000;-1.000;-1.000;-1.000;-1.000;136592.730;539795.810;-0.300
12_2_10800;136466.420;539706.960;-3.230;136493.300;539704.360;-2.970;136494.957;539704.200;-3.894;136496.613;539704.040;-3.894;136498.270;539703.880;-2.820;136541.070;539699.740;-1.400;136555.010;539698.390;2.490;136559.490;539697.950;2.610;136564.960;539697.420;4.540;136564.960;539697.420;4.540;136567.448;539697.179;4.500;136567.448;539697.179;4.500;-1.000;-1.000;-1.000;-1.000;-1.000;-1.000;136583.380;539695.640;-0.240;-1.000;-1.000;-1.000;-1.000;-1.000;-1.000;136583.870;539695.590;-0.380
12_2_10900;136457.300;539607.900;-3.600;136483.660;539605.210;-2.950;136485.650;539605.010;-4.090;136487.640;539604.810;-4.090;136489.630;539604.610;-2.830;136531.910;539600.290;-1.450;136545.840;539598.870;2.020;136550.320;539598.410;2.550;136555.790;539597.850;4.580;136555.790;539597.850;4.580;136558.277;539597.596;4.501;136558.277;539597.596;4.501;-1.000;-1.000;-1.000;-1.000;-1.000;-1.000;136574.190;539595.980;-0.070;-1.000;-1.000;-1.000;-1.000;-1.000;-1.000;136574.690;539595.930;-0.280
12_2_11000;136448.150;539507.550;-3.480;136475.030;539505.020;-2.960;136476.690;539504.863;-3.935;136478.350;539504.707;-3.935;136480.010;539504.550;-2.910;136523.320;539500.470;-1.430;136536.760;539499.200;2.030;136540.740;539498.820;2.470;136546.710;539498.260;4.570;136546.710;539498.260;4.570;136549.200;539498.030;4.510;136549.200;539498.030;4.510;-1.000;-1.000;-1.000;-1.000;-1.000;-1.000;136561.650;539496.850;0.000;-1.000;-1.000;-1.000;-1.000;-1.000;-1.000;136564.630;539496.570;-0.010
12_2_11100;136438.740;539406.710;-3.450;136466.150;539404.480;-2.970;136467.810;539404.347;-3.894;136469.470;539404.213;-3.894;136471.130;539404.080;-2.820;136514.490;539400.550;-1.300;136526.450;539399.580;1.570;136531.930;539399.130;2.370;136537.410;539398.680;4.400;136537.410;539398.680;4.400;136539.902;539398.477;4.352;136539.902;539398.477;4.352;-1.000;-1.000;-1.000;-1.000;-1.000;-1.000;136556.350;539397.140;-0.290;-1.000;-1.000;-1.000;-1.000;-1.000;-1.000;136557.350;539397.060;-0.360
12_2_11200;136429.670;539308.130;-3.560;136456.560;539305.670;-2.710;136458.550;539305.490;-3.794;136460.540;539305.310;-3.794;136462.530;539305.130;-2.480;136505.850;539301.160;-1.140;136518.800;539299.980;1.940;136522.290;539299.660;2.350;136528.260;539299.120;4.300;136528.260;539299.120;4.300;136530.750;539298.892;4.230;136530.750;539298.890;4.230;-1.000;-1.000;-1.000;-1.000;-1.000;-1.000;136543.200;539297.750;-0.130;-1.000;-1.000;-1.000;-1.000;-1.000;-1.000;136545.690;539297.520;-0.020
12_2_11300;136420.510;539208.040;-3.370;136447.410;539205.710;-2.510;136449.293;539205.550;-3.659;136451.177;539205.390;-3.659;136453.060;539205.230;-2.540;136495.730;539201.550;-1.330;136508.690;539200.430;1.820;136514.660;539199.910;2.610;136519.150;539199.530;4.330;136519.150;539199.530;4.330;136521.640;539199.310;4.210;136521.640;539199.310;4.210;-1.000;-1.000;-1.000;-1.000;-1.000;-1.000;136534.590;539198.190;-0.110;-1.000;-1.000;-1.000;-1.000;-1.000;-1.000;136537.580;539197.940;-0.260
12_2_11400;136411.740;539109.210;-3.560;136439.020;539106.640;-2.530;136440.450;539106.507;-3.496;136441.780;539106.383;-3.496;136443.600;539106.210;-2.560;136486.910;539102.130;-1.380;136499.850;539100.910;1.720;136505.330;539100.400;2.370;136510.310;539099.930;4.200;136510.310;539099.930;4.200;136512.799;539099.696;4.100;136512.799;539099.696;4.100;-1.000;-1.000;-1.000;-1.000;-1.000;-1.000;136524.740;539098.570;-0.200;-1.000;-1.000;-1.000;-1.000;-1.000;-1.000;136528.730;539098.190;-0.330
12_2_11500;136402.770;539009.960;-4.070;136430.640;539007.240;-2.880;136431.970;539007.110;-3.665;136432.800;539007.030;-3.665;136434.120;539006.900;-2.940;136475.920;539002.820;-1.610;136491.850;539001.260;2.190;136496.820;539000.770;2.760;136501.300;539000.340;4.490;136501.300;539000.340;4.490;136503.788;539000.097;4.381;136503.788;539000.097;4.381;-1.000;-1.000;-1.000;-1.000;-1.000;-1.000;136516.230;538998.880;-0.040;-1.000;-1.000;-1.000;-1.000;-1.000;-1.000;136519.720;538998.540;-0.300
12_2_11600;136393.620;538910.650;-3.650;136421.970;538907.810;-3.020;136423.153;538907.690;-3.614;136424.337;538907.570;-3.614;136425.520;538907.450;-2.780;136469.730;538903.010;-1.060;136482.170;538901.760;1.960;136487.640;538901.210;2.530;136491.620;538900.810;4.180;136491.620;538900.810;4.180;136494.108;538900.560;4.300;136494.110;538900.560;4.300;-1.000;-1.000;-1.000;-1.000;-1.000;-1.000;136507.540;538899.210;-0.100;-1.000;-1.000;-1.000;-1.000;-1.000;-1.000;136511.030;538898.870;-0.220
12_2_11700;136384.520;538809.390;-3.960;136411.920;538807.100;-2.920;136413.250;538806.990;-3.691;136414.580;538806.880;-3.691;136415.910;538806.770;-2.860;136458.260;538803.230;-1.250;136473.710;538801.940;1.940;136478.690;538801.520;2.410;136483.170;538801.150;4.170;136483.170;538801.150;4.170;136485.661;538800.942;4.022;136485.661;538800.942;4.022;-1.000;-1.000;-1.000;-1.000;-1.000;-1.000;136497.620;538799.940;-0.170;-1.000;-1.000;-1.000;-1.000;-1.000;-1.000;136501.200;538799.640;-0.260
12_2_11800;136375.640;538711.510;-3.240;136402.860;538708.760;-2.750;136404.480;538708.597;-3.727;136406.100;538708.433;-3.727;136407.720;538708.270;-2.750;136451.260;538703.880;-1.290;136464.690;538702.530;2.000;136468.670;538702.130;2.330;136474.150;538701.580;4.340;136474.150;538701.580;4.340;136476.637;538701.329;4.198;136476.630;538701.320;4.200;-1.000;-1.000;-1.000;-1.000;-1.000;-1.000;136491.980;538699.780;-0.340;-1.000;-1.000;-1.000;-1.000;-1.000;-1.000;136492.050;538699.770;-0.350
12_2_11900;136366.490;538612.040;-3.960;136394.340;538609.200;-2.930;136395.833;538609.047;-3.654;136396.827;538608.943;-3.654;136397.820;538608.840;-3.030;136441.600;538604.380;-1.360;136455.030;538603.020;1.700;136460.000;538602.510;2.240;136465.470;538601.950;4.220;136465.470;538601.950;4.220;136467.957;538601.696;4.001;136467.957;538601.696;4.001;-1.000;-1.000;-1.000;-1.000;-1.000;-1.000;136483.880;538600.080;-0.230;-1.000;-1.000;-1.000;-1.000;-1.000;-1.000;136484.370;538600.020;-0.360
12_2_12000;136356.450;538510.720;-4.070;136384.850;538508.350;-2.890;136386.327;538508.223;-3.709;136387.803;538508.097;-3.709;136389.280;538507.970;-2.750;136432.690;538504.350;-1.440;136445.640;538503.260;1.350;136449.630;538502.930;1.640;136455.110;538502.470;3.890;136455.110;538502.470;3.890;136457.601;538502.262;3.900;136457.601;538502.262;3.900;-1.000;-1.000;-1.000;-1.000;-1.000;-1.000;136473.040;538500.970;-0.210;-1.000;-1.000;-1.000;-1.000;-1.000;-1.000;136477.940;538500.560;-0.350
12_2_12100;136347.770;538411.840;-4.050;136376.150;538409.260;-2.720;136377.310;538409.157;-3.374;136378.470;538409.053;-3.374;136379.630;538408.950;-2.630;136423.950;538404.920;-1.760;136437.890;538403.650;1.760;136441.880;538403.290;2.080;136446.360;538402.880;4.030;136446.360;538402.880;4.030;136448.850;538402.650;3.930;136448.850;538402.650;3.930;-1.000;-1.000;-1.000;-1.000;-1.000;-1.000;136464.780;538401.200;-0.140;-1.000;-1.000;-1.000;-1.000;-1.000;-1.000;136465.780;538401.110;-0.300
12_2_12200;136338.730;538312.210;-4.290;136366.610;538309.690;-2.840;136367.940;538309.570;-3.676;136369.270;538309.450;-3.676;136370.600;538309.330;-2.910;136414.920;538305.320;-1.870;136427.370;538304.190;1.470;136432.350;538303.740;1.850;136437.330;538303.290;3.980;136437.330;538303.290;3.980;136439.820;538303.060;3.860;136439.320;538303.110;3.960;-1.000;-1.000;-1.000;-1.000;-1.000;-1.000;136456.250;538301.570;-0.150;-1.000;-1.000;-1.000;-1.000;-1.000;-1.000;136456.750;538301.530;-0.230
12_2_12300;136329.700;538212.950;-4.420;136358.080;538210.290;-3.100;136359.243;538210.180;-3.786;136360.407;538210.070;-3.786;136361.570;538209.960;-3.070;136405.870;538205.800;-1.980;136417.320;538204.730;1.520;136423.290;538204.170;1.930;136428.270;538203.700;3.980;136428.270;538203.700;3.980;136430.759;538203.466;3.770;136430.759;538203.466;3.770;-1.000;-1.000;-1.000;-1.000;-1.000;-1.000;136444.200;538202.210;-0.310;-1.000;-1.000;-1.000;-1.000;-1.000;-1.000;136447.690;538201.880;-0.340
12_2_12400;136320.440;538112.740;-4.010;136348.610;538110.280;-3.150;136349.980;538110.160;-3.945;136351.350;538110.040;-3.945;136352.720;538109.920;-3.090;136397.150;538106.040;-2.060;136406.610;538105.210;1.270;136414.080;538104.560;1.800;136419.060;538104.120;3.920;136419.060;538104.120;3.920;136421.550;538103.902;3.800;136422.050;538103.860;3.700;-1.000;-1.000;-1.000;-1.000;-1.000;-1.000;136439.980;538102.290;-0.390;-1.000;-1.000;-1.000;-1.000;-1.000;-1.000;136440.480;538102.250;-0.400
12_2_12500;136311.230;538012.980;-4.560;136339.620;538010.550;-3.580;136341.117;538010.423;-4.406;136342.613;538010.297;-4.406;136344.110;538010.170;-3.430;136387.950;538006.420;-2.160;136399.400;538005.440;1.160;136405.880;538004.880;2.070;136409.870;538004.540;3.920;136409.870;538004.540;3.920;136412.361;538004.327;3.830;136412.360;538004.330;3.830;-1.000;-1.000;-1.000;-1.000;-1.000;-1.000;136429.790;538002.840;-0.230;-1.000;-1.000;-1.000;-1.000;-1.000;-1.000;136429.870;538002.830;-0.230
12_2_12600;136310.610;537911.990;-6.100;136330.540;537910.430;-3.710;136332.037;537910.313;-4.576;136333.533;537910.197;-4.576;136335.030;537910.080;-3.640;136376.900;537906.810;-2.040;136390.360;537905.760;1.280;136396.840;537905.250;2.310;136401.830;537904.860;4.150;136401.830;537904.860;4.150;136404.322;537904.665;4.069;136404.322;537904.665;4.069;-1.000;-1.000;-1.000;-1.000;-1.000;-1.000;136419.770;537903.460;-0.200;-1.000;-1.000;-1.000;-1.000;-1.000;-1.000;136420.770;537903.380;-0.320
12_2_12700;136293.280;537813.210;-4.760;136321.190;537810.980;-3.850;136322.520;537810.877;-4.665;136323.850;537810.773;-4.665;136325.670;537810.630;-3.750;136367.540;537807.290;-2.230;136381.000;537806.220;1.210;136386.480;537805.780;2.110;136391.960;537805.350;4.110;136391.960;537805.350;4.110;136394.452;537805.152;4.041;136394.460;537805.150;4.040;-1.000;-1.000;-1.000;-1.000;-1.000;-1.000;136411.900;537803.760;-0.260;-1.000;-1.000;-1.000;-1.000;-1.000;-1.000;136412.400;537803.720;-0.320
12_2_12800;136284.460;537714.160;-4.640;136312.360;537711.780;-3.890;136314.020;537711.640;-4.735;136315.680;537711.500;-4.735;136317.340;537711.360;-3.580;136360.190;537707.700;-1.950;136372.640;537706.640;1.420;136378.120;537706.170;2.160;136383.100;537705.750;4.140;136383.100;537705.750;4.140;136385.591;537705.538;4.060;136385.590;537705.540;4.060;-1.000;-1.000;-1.000;-1.000;-1.000;-1.000;136403.030;537704.050;-0.280;-1.000;-1.000;-1.000;-1.000;-1.000;-1.000;136403.530;537704.010;-0.320
12_2_12900;136275.960;537614.520;-4.420;136303.360;537612.180;-3.760;136305.023;537612.040;-4.757;136306.687;537611.900;-4.757;136308.350;537611.760;-3.750;136352.190;537608.020;-1.870;136366.140;537606.830;2.070;136369.620;537606.530;2.380;136374.610;537606.110;4.210;136374.610;537606.110;4.210;136377.101;537605.898;4.140;136377.100;537605.900;4.140;-1.000;-1.000;-1.000;-1.000;-1.000;-1.000;136391.540;537604.670;-0.080;-1.000;-1.000;-1.000;-1.000;-1.000;-1.000;136394.030;537604.450;-0.220
12_2_13000;136266.930;537515.720;-4.770;136294.810;537513.120;-4.140;136296.357;537512.977;-4.897;136297.903;537512.833;-4.897;136299.450;537512.690;-3.790;136340.610;537508.850;-2.150;136355.050;537507.510;1.480;136360.520;537507.000;2.270;136365.500;537506.530;4.140;136365.500;537506.530;4.140;136367.989;537506.298;4.080;136367.989;537506.298;4.080;-1.000;-1.000;-1.000;-1.000;-1.000;-1.000;136384.880;537504.730;-0.310;-1.000;-1.000;-1.000;-1.000;-1.000;-1.000;136384.920;537504.720;-0.310
12_2_13100;136257.740;537415.530;-4.800;136284.640;537413.190;-3.960;136286.467;537413.030;-4.970;136288.293;537412.870;-4.970;136290.120;537412.710;-3.780;136331.960;537409.070;-2.170;136345.910;537407.860;1.540;136351.890;537407.340;2.340;136356.370;537406.950;4.060;136356.370;537406.950;4.060;136358.860;537406.730;4.010;136358.860;537406.730;4.010;-1.000;-1.000;-1.000;-1.000;-1.000;-1.000;136376.290;537405.210;-0.270;-1.000;-1.000;-1.000;-1.000;-1.000;-1.000;136376.790;537405.170;-0.320
12_2_13200;136248.870;537315.740;-4.270;-1.000;-1.000;-1.000;-1.000;-1.000;-1.000;-1.000;-1.000;-1.000;-1.000;-1.000;-1.000;136325.090;537309.250;-1.720;136337.050;537308.230;1.630;136342.530;537307.760;2.320;136347.510;537307.340;4.230;136347.510;537307.340;4.230;136350.001;537307.128;4.140;136350.000;537307.130;4.140;-1.000;-1.000;-1.000;-1.000;-1.000;-1.000;136367.350;537305.650;-0.320;-1.000;-1.000;-1.000;-1.000;-1.000;-1.000;136367.440;537305.640;-0.320
12_2_13300;136239.910;537216.550;-4.690;136265.800;537214.240;-3.790;136267.793;537214.063;-4.891;136269.787;537213.887;-4.891;136271.780;537213.710;-3.590;136316.600;537209.700;-1.680;136328.060;537208.680;1.780;136332.540;537208.280;2.240;136338.520;537207.750;4.240;136338.520;537207.750;4.240;136341.010;537207.530;4.130;136341.010;537207.530;4.130;-1.000;-1.000;-1.000;-1.000;-1.000;-1.000;136358.440;537205.970;-0.310;-1.000;-1.000;-1.000;-1.000;-1.000;-1.000;136358.930;537205.920;-0.350
12_2_13400;136230.770;537117.170;-4.550;136256.660;537114.810;-3.870;136258.487;537114.643;-4.851;136260.313;537114.477;-4.851;136262.140;537114.310;-3.630;136307.950;537110.130;-1.580;136319.400;537109.080;1.840;136324.380;537108.620;2.470;136329.360;537108.170;4.310;136329.360;537108.170;4.310;136331.850;537107.943;4.200;136331.850;537107.940;4.200;-1.000;-1.000;-1.000;-1.000;-1.000;-1.000;136349.190;537106.360;-0.340;-1.000;-1.000;-1.000;-1.000;-1.000;-1.000;136349.280;537106.350;-0.340
12_2_13500;136221.730;537017.150;-4.810;136248.630;537014.810;-3.810;136250.290;537014.667;-4.785;136251.950;537014.523;-4.785;136254.110;537014.330;-3.650;136296.450;537010.650;-1.910;136310.890;537009.400;1.910;136315.380;537009.010;2.440;136320.360;537008.570;4.230;136320.360;537008.570;4.230;136322.851;537008.353;4.150;136322.850;537008.360;4.150;-1.000;-1.000;-1.000;-1.000;-1.000;-1.000;136339.290;537006.930;-0.270;-1.000;-1.000;-1.000;-1.000;-1.000;-1.000;136339.780;537006.880;-0.320
12_2_13600;136212.610;536918.550;-4.590;136238.990;536916.000;-3.850;136240.860;536915.817;-4.870;136242.660;536915.643;-4.870;136244.460;536915.470;-3.710;136287.760;536911.270;-2.090;136300.700;536910.020;1.760;136306.670;536909.440;2.530;136311.150;536909.010;4.230;136311.150;536909.010;4.230;136313.638;536908.769;4.160;136313.638;536908.769;4.160;-1.000;-1.000;-1.000;-1.000;-1.000;-1.000;136330.890;536907.100;-0.120;-1.000;-1.000;-1.000;-1.000;-1.000;-1.000;136331.060;536907.080;-0.150
12_2_13700;136203.290;536818.260;-4.480;136227.190;536816.120;-3.940;136228.850;536815.970;-4.925;136230.510;536815.820;-4.925;136232.170;536815.670;-3.910;136278.990;536811.480;-2.010;136290.940;536810.410;1.540;136296.920;536809.880;2.430;136301.900;536809.430;4.320;136301.900;536809.430;4.320;136304.390;536809.210;4.220;136304.390;536809.210;4.220;-1.000;-1.000;-1.000;-1.000;-1.000;-1.000;136318.330;536807.960;-0.080;-1.000;-1.000;-1.000;-1.000;-1.000;-1.000;136322.310;536807.610;-0.340
12_2_13800;136195.080;536718.340;-5.400;136214.010;536716.690;-4.020;136215.837;536716.533;-4.810;136217.663;536716.377;-4.810;136219.490;536716.220;-3.400;136269.800;536711.840;-2.000;136281.750;536710.810;1.610;136286.230;536710.420;2.190;136292.210;536709.900;4.280;136292.210;536709.900;4.280;136294.700;536709.680;4.390;136295.200;536709.640;4.300;-1.000;-1.000;-1.000;-1.000;-1.000;-1.000;136313.080;536708.080;-0.140;-1.000;-1.000;-1.000;-1.000;-1.000;-1.000;136313.130;536708.080;-0.160
12_2_13900;136185.560;536620.610;-4.420;136200.720;536619.020;-3.730;136202.637;536618.817;-4.714;136204.293;536618.643;-4.714;136205.950;536618.470;-3.660;136260.150;536612.760;-1.880;136273.080;536611.400;1.640;136278.550;536610.830;2.300;136284.020;536610.250;4.300;136284.020;536610.250;4.300;136286.506;536609.988;4.201;136286.510;536609.990;4.200;-1.000;-1.000;-1.000;-1.000;-1.000;-1.000;136303.650;536608.190;-0.330;-1.000;-1.000;-1.000;-1.000;-1.000;-1.000;136303.910;536608.160;-0.330
12_2_14000;136176.370;536519.840;-3.840;136186.820;536518.860;-3.890;136188.577;536518.697;-4.919;136190.333;536518.533;-4.919;136192.300;536518.350;-3.750;136249.550;536513.020;-1.760;136263.990;536511.680;1.930;136271.460;536510.980;2.840;136274.940;536510.660;4.140;136274.940;536510.660;4.140;136277.429;536510.428;4.120;136277.930;536510.380;4.020;-1.000;-1.000;-1.000;-1.000;-1.000;-1.000;136292.860;536508.990;-0.240;-1.000;-1.000;-1.000;-1.000;-1.000;-1.000;136293.860;536508.890;-0.370
12_2_14100;136166.990;536419.950;-3.880;136173.960;536419.330;-3.810;136175.740;536419.170;-4.797;136177.520;536419.010;-4.797;136179.300;536418.850;-3.640;136232.230;536414.090;-2.790;136246.170;536412.840;-0.520;136259.120;536411.670;2.610;136265.090;536411.140;4.370;136265.090;536411.140;4.370;136267.580;536410.916;4.310;136267.580;536410.916;4.310;-1.000;-1.000;-1.000;-1.000;-1.000;-1.000;136285.510;536409.300;-0.210;-1.000;-1.000;-1.000;-1.000;-1.000;-1.000;136285.850;536409.270;-0.240
12_2_14200;136157.840;536320.830;-3.830;136164.310;536320.220;-4.060;136166.137;536320.047;-5.051;136167.963;536319.873;-5.051;136169.790;536319.700;-3.840;136226.040;536314.390;-2.300;136245.950;536312.510;1.790;136250.930;536312.040;2.540;136256.400;536311.520;4.330;136256.400;536311.520;4.330;136258.889;536311.285;4.260;136258.889;536311.285;4.260;-1.000;-1.000;-1.000;-1.000;-1.000;-1.000;136275.740;536309.690;-0.220;-1.000;-1.000;-1.000;-1.000;-1.000;-1.000;136275.820;536309.690;-0.220
12_2_14300;136148.640;536221.420;-3.770;136155.610;536220.750;-3.810;136157.433;536220.573;-4.864;136159.257;536220.397;-4.864;136161.080;536220.220;-3.720;136214.840;536215.060;-2.330;136236.730;536212.950;1.770;136240.220;536212.620;2.450;136245.690;536212.090;4.330;136245.690;536212.090;4.330;136248.178;536211.851;4.510;136249.180;536211.760;4.420;-1.000;-1.000;-1.000;-1.000;-1.000;-1.000;136263.110;536210.420;-0.080;-1.000;-1.000;-1.000;-1.000;-1.000;-1.000;136265.600;536210.180;-0.190
12_2_14400;136139.690;536120.120;-3.630;136146.670;536119.570;-3.800;136147.997;536119.467;-4.633;136149.323;536119.363;-4.633;136151.150;536119.220;-3.610;136209.970;536114.570;-2.430;136227.910;536113.150;1.880;136232.900;536112.750;2.710;136237.880;536112.360;4.340;136237.880;536112.360;4.340;136240.372;536112.163;4.410;136240.370;536112.160;4.410;-1.000;-1.000;-1.000;-1.000;-1.000;-1.000;136256.320;536110.900;-0.190;-1.000;-1.000;-1.000;-1.000;-1.000;-1.000;136257.820;536110.780;-0.200
12_2_14500;136130.650;536022.260;-3.590;136137.620;536021.590;-3.740;136139.133;536021.443;-4.412;136140.647;536021.297;-4.412;136142.160;536021.150;-3.260;136200.330;536015.540;-2.330;136218.740;536013.770;1.910;136223.720;536013.290;2.610;136228.690;536012.810;4.230;136228.690;536012.810;4.230;136231.178;536012.570;4.300;136231.680;536012.520;4.230;-1.000;-1.000;-1.000;-1.000;-1.000;-1.000;136247.840;536010.970;-0.160;-1.000;-1.000;-1.000;-1.000;-1.000;-1.000;136248.100;536010.940;-0.180
12_2_14600;136121.410;535921.820;-3.630;136128.390;535921.210;-3.730;136130.050;535921.063;-4.645;136131.710;535920.917;-4.645;136133.370;535920.770;-3.560;136196.130;535915.270;-2.490;136210.070;535914.050;1.920;136215.550;535913.570;2.960;136220.530;535913.130;4.530;136220.530;535913.130;4.530;136223.020;535912.912;4.232;136222.530;535912.960;4.340;-1.000;-1.000;-1.000;-1.000;-1.000;-1.000;136238.970;535911.520;-0.160;-1.000;-1.000;-1.000;-1.000;-1.000;-1.000;136239.960;535911.430;-0.360
12_2_14700;136112.390;535822.140;-3.800;136119.860;535821.490;-4.010;136120.690;535821.417;-4.720;136121.520;535821.343;-4.720;136122.850;535821.230;-3.890;136186.610;535815.700;-2.580;136201.050;535814.450;1.980;136205.040;535814.100;2.460;136211.020;535813.580;4.490;136211.020;535813.580;4.490;136213.511;535813.364;4.360;136213.510;535813.370;4.360;-1.000;-1.000;-1.000;-1.000;-1.000;-1.000;136225.960;535812.290;-0.130;-1.000;-1.000;-1.000;-1.000;-1.000;-1.000;136230.440;535811.900;-0.250
12_2_14800;136103.330;535723.050;-4.020;136109.800;535722.450;-3.960;136111.130;535722.330;-4.661;136112.460;535722.210;-4.661;136113.790;535722.090;-3.760;136177.520;535716.240;-2.510;136191.460;535714.960;1.880;136195.440;535714.600;2.450;136200.920;535714.090;4.460;136200.920;535714.090;4.460;136203.410;535713.862;4.540;136203.910;535713.820;4.500;-1.000;-1.000;-1.000;-1.000;-1.000;-1.000;136216.850;535712.630;-0.160;-1.000;-1.000;-1.000;-1.000;-1.000;-1.000;136220.840;535712.270;-0.150
12_2_14900;136094.520;535623.420;-4.150;136100.990;535622.830;-4.050;136102.650;535622.677;-4.955;136104.310;535622.523;-4.955;136105.970;535622.370;-3.860;136169.210;535616.580;-2.720;136183.150;535615.300;1.950;136187.130;535614.940;2.340;136192.610;535614.440;4.300;136192.610;535614.440;4.300;136195.100;535614.212;4.270;136195.100;535614.210;4.270;-1.000;-1.000;-1.000;-1.000;-1.000;-1.000;136207.550;535613.070;-0.100;-1.000;-1.000;-1.000;-1.000;-1.000;-1.000;136209.540;535612.890;-0.110
12_2_15000;136085.360;535523.720;-4.130;136092.330;535523.090;-4.190;136093.327;535523.000;-4.885;136094.323;535522.910;-4.885;136095.820;535522.770;-3.940;136160.060;535516.970;-2.480;136173.500;535515.760;1.790;136177.980;535515.350;2.310;136183.460;535514.860;4.350;136183.460;535514.860;4.350;136185.950;535514.635;4.370;136185.950;535514.630;4.370;-1.000;-1.000;-1.000;-1.000;-1.000;-1.000;136198.400;535513.510;-0.140;-1.000;-1.000;-1.000;-1.000;-1.000;-1.000;136202.380;535513.150;-0.260
12_2_15100;136076.150;535424.060;-4.070;136083.120;535423.440;-4.070;136084.117;535423.350;-4.640;136085.113;535423.260;-4.640;136086.110;535423.170;-4.010;136150.360;535417.420;-2.550;136164.800;535416.130;1.970;136168.780;535415.770;2.360;136174.760;535415.240;4.410;136174.760;535415.240;4.410;136177.250;535415.017;4.230;136176.750;535415.060;4.330;-1.000;-1.000;-1.000;-1.000;-1.000;-1.000;136192.690;535413.630;-0.290;-1.000;-1.000;-1.000;-1.000;-1.000;-1.000;136193.180;535413.590;-0.280
12_2_15200;136067.070;535325.750;-3.980;136074.530;535324.980;-4.200;136076.023;535324.830;-4.826;136077.517;535324.680;-4.826;136079.010;535324.530;-3.650;136144.170;535317.860;-1.210;136154.610;535316.800;1.780;136160.580;535316.190;2.590;136165.550;535315.680;4.320;136165.550;535315.680;4.320;136168.037;535315.426;4.241;136168.040;535315.420;4.240;-1.000;-1.000;-1.000;-1.000;-1.000;-1.000;136180.970;535314.100;-0.160;-1.000;-1.000;-1.000;-1.000;-1.000;-1.000;136184.950;535313.690;-0.350
12_2_15300;136057.590;535225.020;-4.040;136065.060;535224.340;-4.190;136066.387;535224.220;-5.024;136067.713;535224.100;-5.024;136070.040;535223.890;-3.670;136132.280;535218.270;-1.790;136146.230;535217.010;1.830;136149.710;535216.690;2.250;136155.690;535216.150;4.320;136155.690;535216.150;4.320;136158.180;535215.930;4.340;136158.180;535215.930;4.340;-1.000;-1.000;-1.000;-1.000;-1.000;-1.000;136174.610;535214.440;-0.170;-1.000;-1.000;-1.000;-1.000;-1.000;-1.000;136175.110;535214.400;-0.210
12_2_15400;136048.770;535126.190;-4.070;136056.730;535125.410;-4.380;136058.057;535125.280;-5.070;136059.383;535125.150;-5.070;136061.210;535124.970;-3.870;136123.410;535118.860;-1.890;136136.850;535117.540;1.580;136141.820;535117.050;2.220;136146.800;535116.560;4.130;136146.800;535116.560;4.130;136149.288;535116.316;4.200;136149.780;535116.270;4.100;-1.000;-1.000;-1.000;-1.000;-1.000;-1.000;136161.730;535115.090;-0.110;-1.000;-1.000;-1.000;-1.000;-1.000;-1.000;136166.200;535114.650;-0.350
12_2_15500;136039.610;535025.810;-3.840;136047.080;535025.130;-4.130;136048.573;535024.997;-4.815;136050.067;535024.863;-4.815;136051.560;535024.730;-3.700;136110.320;535019.430;-2.600;136127.750;535017.860;1.650;136133.230;535017.370;2.420;136138.710;535016.870;4.390;136138.710;535016.870;4.390;136141.200;535016.646;4.080;136141.200;535016.646;4.080;-1.000;-1.000;-1.000;-1.000;-1.000;-1.000;136152.650;535015.620;-0.230;-1.000;-1.000;-1.000;-1.000;-1.000;-1.000;136157.630;535015.170;-0.300
12_2_15600;136030.580;534926.430;-3.540;136037.550;534925.780;-3.860;136039.210;534925.627;-4.730;136040.870;534925.473;-4.730;136042.530;534925.320;-3.600;136102.280;534919.810;-2.500;136118.210;534918.340;1.470;136123.690;534917.840;2.360;136129.160;534917.330;4.380;136129.160;534917.330;4.380;136131.649;534917.100;4.320;136131.650;534917.100;4.320;-1.000;-1.000;-1.000;-1.000;-1.000;-1.000;136143.600;534916.000;0.010;-1.000;-1.000;-1.000;-1.000;-1.000;-1.000;136147.580;534915.630;-0.150
12_2_15700;136021.610;534827.000;-3.580;136028.700;534826.330;-3.670;136030.483;534826.163;-4.695;136032.267;534825.997;-4.695;136034.050;534825.830;-3.570;136091.300;534820.450;-2.730;136109.220;534818.770;1.430;136115.200;534818.210;2.440;136119.680;534817.790;4.050;136119.680;534817.790;4.050;136122.169;534817.556;4.159;136122.660;534817.510;4.090;-1.000;-1.000;-1.000;-1.000;-1.000;-1.000;136138.590;534816.010;-0.150;-1.000;-1.000;-1.000;-1.000;-1.000;-1.000;136139.090;534815.960;-0.280
12_2_15800;136012.350;534727.800;-3.600;136020.310;534727.030;-3.690;136021.557;534726.907;-4.477;136022.803;534726.783;-4.477;136024.050;534726.660;-3.760;136082.020;534721.000;-2.660;136100.430;534719.200;1.710;136105.900;534718.660;2.610;136110.880;534718.180;4.360;136110.880;534718.180;4.360;136113.368;534717.937;4.310;136113.370;534717.930;4.310;-1.000;-1.000;-1.000;-1.000;-1.000;-1.000;136129.790;534716.330;-0.250;-1.000;-1.000;-1.000;-1.000;-1.000;-1.000;136130.290;534716.280;-0.330
12_2_15900;136003.330;534627.110;-3.550;136010.800;534626.460;-3.520;136012.297;534626.333;-4.516;136013.793;534626.207;-4.516;136015.290;534626.080;-3.710;136072.570;534621.110;-2.580;136092.500;534619.380;1.920;136096.980;534619.000;2.710;136101.470;534618.610;4.370;136101.470;534618.610;4.370;136103.960;534618.390;4.420;136104.450;534618.350;4.330;-1.000;-1.000;-1.000;-1.000;-1.000;-1.000;136120.390;534616.970;-0.090;-1.000;-1.000;-1.000;-1.000;-1.000;-1.000;136121.390;534616.880;-0.310
12_2_16000;135994.410;534527.380;-3.430;136001.890;534526.750;-3.410;136003.383;534526.620;-4.464;136004.877;534526.490;-4.464;136006.370;534526.360;-3.720;136063.160;534521.520;-2.400;136082.090;534519.900;1.310;136087.570;534519.430;2.380;136092.560;534519.010;4.270;136092.560;534519.010;4.270;136095.050;534518.790;4.370;136095.050;534518.790;4.370;-1.000;-1.000;-1.000;-1.000;-1.000;-1.000;136111.990;534517.350;-0.300;-1.000;-1.000;-1.000;-1.000;-1.000;-1.000;136112.480;534517.300;-0.340
12_2_16100;135985.180;534427.730;-3.490;135993.150;534427.060;-3.750;135994.593;534426.933;-4.611;135995.617;534426.847;-4.611;135996.640;534426.760;-4.060;136054.930;534421.830;-2.430;136072.870;534420.320;1.350;136078.840;534419.810;2.660;136083.330;534419.430;4.290;136083.330;534419.430;4.290;136085.821;534419.219;4.360;136085.820;534419.220;4.360;-1.000;-1.000;-1.000;-1.000;-1.000;-1.000;136098.770;534418.130;-0.110;-1.000;-1.000;-1.000;-1.000;-1.000;-1.000;136103.470;534417.730;-0.320
12_2_16200;135976.390;534329.210;-3.480;135984.350;534328.450;-3.910;135985.680;534328.323;-4.697;135987.010;534328.197;-4.697;135988.340;534328.070;-3.880;136046.070;534322.550;-2.320;136060.510;534321.170;1.660;136069.470;534320.320;2.420;136074.440;534319.840;4.230;136074.440;534319.840;4.230;136076.929;534319.602;4.300;136077.930;534319.510;4.050;-1.000;-1.000;-1.000;-1.000;-1.000;-1.000;136092.860;534318.090;-0.150;-1.000;-1.000;-1.000;-1.000;-1.000;-1.000;136093.360;534318.040;-0.170
12_2_16300;135966.720;534227.520;-3.620;135974.700;534226.930;-3.730;135976.197;534226.820;-4.645;135977.693;534226.710;-4.645;135979.190;534226.600;-3.760;136035.530;534222.440;-2.760;136050.000;534221.370;1.190;136058.970;534220.710;2.570;136063.960;534220.340;4.340;136063.960;534220.340;4.340;136066.453;534220.156;4.540;136068.450;534220.010;4.240;-1.000;-1.000;-1.000;-1.000;-1.000;-1.000;136080.410;534219.130;-0.110;-1.000;-1.000;-1.000;-1.000;-1.000;-1.000;136083.900;534218.870;0.000
12_2_16400;135958.160;534130.020;-3.620;135966.120;534129.270;-3.820;135967.283;534129.157;-4.571;135968.447;534129.043;-4.571;135969.610;534128.930;-3.920;136026.350;534123.530;-2.770;136046.760;534121.580;1.790;136051.730;534121.110;2.570;136056.210;534120.680;4.200;136056.210;534120.680;4.200;136058.699;534120.443;4.280;136059.200;534120.400;4.150;-1.000;-1.000;-1.000;-1.000;-1.000;-1.000;136070.650;534119.310;-0.160;-1.000;-1.000;-1.000;-1.000;-1.000;-1.000;136075.630;534118.830;-0.140
12_2_16500;135949.160;534030.640;-3.540;135957.620;534029.810;-3.910;135958.947;534029.683;-4.645;135960.273;534029.557;-4.645;135961.600;534029.430;-3.780;136017.340;534024.000;-2.670;136037.740;534022.020;1.870;136042.720;534021.530;2.730;136047.700;534021.050;4.470;136047.700;534021.050;4.470;136050.188;534020.808;4.318;136050.180;534020.810;4.320;-1.000;-1.000;-1.000;-1.000;-1.000;-1.000;136062.630;534019.590;-0.130;-1.000;-1.000;-1.000;-1.000;-1.000;-1.000;136066.630;534019.210;-0.100
12_2_16600;135940.060;533931.020;-3.540;135948.030;533930.250;-3.580;135949.357;533930.123;-4.485;135950.683;533929.997;-4.485;135952.010;533929.870;-3.790;136008.240;533924.420;-2.880;136028.650;533922.440;1.600;136034.120;533921.910;2.730;136038.100;533921.530;4.270;136038.100;533921.530;4.270;136040.588;533921.289;4.250;136041.090;533921.240;4.130;-1.000;-1.000;-1.000;-1.000;-1.000;-1.000;136052.540;533920.130;-0.200;-1.000;-1.000;-1.000;-1.000;-1.000;-1.000;136057.510;533919.650;-0.350
12_2_16700;135930.740;533830.090;-3.610;135938.210;533829.470;-3.650;135939.707;533829.347;-4.596;135941.203;533829.223;-4.596;135942.700;533829.100;-3.740;135999.000;533824.420;-2.880;136019.430;533822.720;1.540;136023.920;533822.340;2.320;136028.900;533821.930;4.090;136028.900;533821.930;4.090;136031.391;533821.723;4.200;136031.890;533821.680;4.070;-1.000;-1.000;-1.000;-1.000;-1.000;-1.000;136043.850;533820.690;-0.220;-1.000;-1.000;-1.000;-1.000;-1.000;-1.000;136048.830;533820.270;-0.320
12_2_16800;135921.670;533731.220;-3.580;135929.640;533730.500;-3.650;135930.967;533730.380;-4.494;135932.293;533730.260;-4.494;135933.620;533730.140;-3.740;135990.390;533725.010;-2.790;136009.310;533723.300;1.230;136013.790;533722.900;2.210;136018.770;533722.450;4.230;136018.770;533722.450;4.230;136021.260;533722.230;4.270;136022.260;533722.140;4.180;-1.000;-1.000;-1.000;-1.000;-1.000;-1.000;136034.710;533721.010;-0.230;-1.000;-1.000;-1.000;-1.000;-1.000;-1.000;136039.690;533720.560;-0.330
12_2_16900;135912.650;533630.820;-3.450;135920.630;533630.160;-3.430;135922.123;533630.037;-4.384;135923.617;533629.913;-4.384;135925.110;533629.790;-3.540;135980.920;533625.210;-2.820;136000.860;533623.570;1.400;136005.340;533623.200;2.110;136010.820;533622.750;4.040;136010.820;533622.750;4.040;136013.312;533622.545;4.052;136013.312;533622.545;4.052;-1.000;-1.000;-1.000;-1.000;-1.000;-1.000;136025.770;533621.520;-0.220;-1.000;-1.000;-1.000;-1.000;-1.000;-1.000;136029.260;533621.230;-0.180
12_2_17000;135903.540;533531.170;-3.390;135911.020;533530.560;-3.350;135912.680;533530.423;-4.374;135914.340;533530.287;-4.374;135916.000;533530.150;-3.400;135971.810;533525.600;-2.390;135988.760;533524.220;1.590;135996.730;533523.570;2.340;136002.210;533523.130;4.310;136002.210;533523.130;4.310;136004.702;533522.927;4.072;136003.710;533523.000;4.310;-1.000;-1.000;-1.000;-1.000;-1.000;-1.000;136017.160;533521.910;-0.110;-1.000;-1.000;-1.000;-1.000;-1.000;-1.000;136020.790;533521.610;-0.080
12_2_17100;135894.780;533433.090;-3.310;135901.750;533432.420;-3.200;135903.243;533432.273;-4.155;135904.737;533432.127;-4.155;135906.230;533431.980;-3.310;135962.960;533426.480;-2.300;135978.890;533424.940;1.490;135988.350;533424.020;2.530;135992.820;533423.590;4.210;135992.820;533423.590;4.210;135995.308;533423.349;4.210;135995.310;533423.350;4.210;-1.000;-1.000;-1.000;-1.000;-1.000;-1.000;136012.230;533421.710;-0.310;-1.000;-1.000;-1.000;-1.000;-1.000;-1.000;136012.340;533421.700;-0.310
12_2_17200;135885.750;533333.790;-3.210;135893.210;533333.040;-3.070;135894.703;533332.893;-4.130;135896.197;533332.747;-4.130;135897.690;533332.600;-3.390;135953.910;533326.990;-2.450;135970.830;533325.300;1.790;135978.290;533324.550;2.300;135984.260;533323.960;4.260;135984.260;533323.960;4.260;135986.748;533323.712;4.071;135986.250;533323.760;4.180;-1.000;-1.000;-1.000;-1.000;-1.000;-1.000;135998.690;533322.520;-0.200;-1.000;-1.000;-1.000;-1.000;-1.000;-1.000;136001.670;533322.220;0.080
12_2_17300;135876.660;533234.860;-3.100;135884.120;533234.070;-3.180;135885.443;533233.930;-4.128;135886.767;533233.790;-4.128;135888.590;533233.590;-3.310;135945.770;533227.510;-2.000;135961.680;533225.810;1.710;135969.140;533225.020;2.610;135975.100;533224.390;4.300;135975.100;533224.390;4.300;135977.586;533224.125;4.161;135977.586;533224.125;4.161;-1.000;-1.000;-1.000;-1.000;-1.000;-1.000;135989.520;533222.850;-0.120;-1.000;-1.000;-1.000;-1.000;-1.000;-1.000;135994.490;533222.320;-0.290
12_2_17400;135867.570;533134.630;-2.940;135875.030;533133.890;-3.050;135876.357;533133.757;-3.835;135877.683;533133.623;-3.835;135879.010;533133.490;-3.020;135937.220;533127.680;-1.850;135951.650;533126.230;1.740;135960.600;533125.340;2.320;135965.580;533124.840;4.100;135965.580;533124.840;4.100;135968.068;533124.592;4.100;135968.068;533124.592;4.100;-1.000;-1.000;-1.000;-1.000;-1.000;-1.000;135981.500;533123.250;-0.250;-1.000;-1.000;-1.000;-1.000;-1.000;-1.000;135985.980;533122.800;-0.310
12_2_17500;135858.360;533034.370;-2.610;135865.830;533033.680;-2.640;135867.323;533033.540;-3.585;135868.817;533033.400;-3.585;135870.310;533033.260;-2.730;135928.560;533027.840;-1.770;135942.000;533026.590;1.610;135951.460;533025.710;2.490;135956.440;533025.250;4.220;135956.440;533025.250;4.220;135958.929;533025.019;4.180;135958.929;533025.019;4.180;-1.000;-1.000;-1.000;-1.000;-1.000;-1.000;135971.870;533023.820;-0.130;-1.000;-1.000;-1.000;-1.000;-1.000;-1.000;135975.860;533023.450;-0.330
12_2_17600;135848.950;532934.110;-2.650;135856.920;532933.430;-2.760;135858.250;532933.317;-3.506;135859.580;532933.203;-3.506;135860.910;532933.090;-2.650;135916.700;532928.300;-1.520;135926.670;532927.440;1.010;135941.110;532926.200;2.090;135947.590;532925.650;4.240;135947.590;532925.650;4.240;135950.080;532925.430;4.100;135949.580;532925.480;4.200;-1.000;-1.000;-1.000;-1.000;-1.000;-1.000;135963.530;532924.280;-0.200;-1.000;-1.000;-1.000;-1.000;-1.000;-1.000;135966.020;532924.070;-0.170
12_2_17700;135839.830;532833.850;-2.530;135847.310;532833.260;-2.430;135848.803;532833.140;-3.419;135850.297;532833.020;-3.419;135851.790;532832.900;-2.610;135915.600;532827.860;-0.920;135925.070;532827.120;1.530;135932.540;532826.530;2.220;135938.520;532826.050;4.290;135938.520;532826.050;4.290;135941.012;532825.853;4.152;135941.012;532825.853;4.152;-1.000;-1.000;-1.000;-1.000;-1.000;-1.000;135957.740;532824.540;-0.270;-1.000;-1.000;-1.000;-1.000;-1.000;-1.000;135957.960;532824.520;-0.280
12_2_17800;135831.010;532735.410;-2.580;135838.480;532734.730;-2.670;135839.973;532734.593;-3.480;135841.467;532734.457;-3.480;135842.960;532734.320;-2.490;135899.730;532729.170;-1.250;135915.160;532727.770;1.460;135924.130;532726.960;2.300;135929.100;532726.510;4.120;135929.100;532726.510;4.120;135931.590;532726.280;4.160;135932.090;532726.240;4.050;-1.000;-1.000;-1.000;-1.000;-1.000;-1.000;135945.040;532725.070;-0.140;-1.000;-1.000;-1.000;-1.000;-1.000;-1.000;135949.200;532724.690;-0.240
12_2_17900;135821.930;532635.830;-2.550;135829.900;532635.110;-2.500;135831.227;532634.990;-3.384;135832.553;532634.870;-3.384;135833.880;532634.750;-2.670;135895.630;532629.140;-0.720;135906.090;532628.190;1.370;135914.550;532627.420;2.050;135920.530;532626.880;4.200;135920.530;532626.880;4.200;135923.020;532626.654;4.110;135923.020;532626.654;4.110;-1.000;-1.000;-1.000;-1.000;-1.000;-1.000;135934.470;532625.610;-0.100;-1.000;-1.000;-1.000;-1.000;-1.000;-1.000;135939.450;532625.160;-0.280
12_2_18000;135812.920;532537.390;-2.640;135820.380;532536.630;-2.860;135821.433;532536.520;-3.525;135822.487;532536.410;-3.525;135823.540;532536.300;-2.920;135885.040;532530.010;-1.020;135897.480;532528.730;1.530;135904.940;532527.970;1.930;135911.400;532527.310;4.210;135911.400;532527.310;4.210;135913.887;532527.055;4.101;135913.890;532527.050;4.100;-1.000;-1.000;-1.000;-1.000;-1.000;-1.000;135926.330;532525.780;-0.180;-1.000;-1.000;-1.000;-1.000;-1.000;-1.000;135930.800;532525.320;-0.310
12_2_18100;135803.800;532439.100;-2.760;135817.710;532437.500;-2.930;135818.867;532437.367;-3.654;135820.023;532437.233;-3.654;135821.180;532437.100;-2.980;135873.830;532431.030;-1.210;135884.260;532429.830;1.040;135896.190;532428.450;1.960;135902.150;532427.760;4.140;135902.150;532427.760;4.140;135904.634;532427.474;4.149;135904.630;532427.480;4.150;-1.000;-1.000;-1.000;-1.000;-1.000;-1.000;135917.050;532426.040;-0.130;-1.000;-1.000;-1.000;-1.000;-1.000;-1.000;135920.520;532425.640;-0.230
12_2_18200;135794.630;532336.990;-4.180;135811.070;532335.520;-4.210;135816.880;532334.997;-5.700;135822.690;532334.473;-5.700;135828.500;532333.950;-4.190;135862.860;532330.860;-2.610;135876.300;532329.660;1.270;135886.260;532328.760;1.610;135892.740;532328.180;4.100;135892.740;532328.180;4.100;135895.230;532327.960;4.110;135896.220;532327.870;3.980;-1.000;-1.000;-1.000;-1.000;-1.000;-1.000;135907.680;532326.840;-0.150;-1.000;-1.000;-1.000;-1.000;-1.000;-1.000;135912.160;532326.440;-0.290
12_2_18400;135777.090;532140.210;-5.050;135799.440;532137.660;-4.490;135806.400;532136.860;-5.420;135827.260;532134.480;-5.390;135828.250;532134.370;-4.660;135844.650;532132.500;-4.170;135856.070;532131.190;0.090;135866.010;532130.060;0.400;135874.950;532129.040;3.740;135874.950;532129.040;3.740;135877.434;532128.756;3.780;135877.434;532128.756;3.780;-1.000;-1.000;-1.000;-1.000;-1.000;-1.000;135891.340;532127.160;-0.200;-1.000;-1.000;-1.000;-1.000;-1.000;-1.000;135891.430;532127.150;-0.200
12_2_18500;135767.820;532042.950;-2.360;-1.000;-1.000;-1.000;-1.000;-1.000;-1.000;-1.000;-1.000;-1.000;-1.000;-1.000;-1.000;135842.620;532032.670;-0.940;-1.000;-1.000;-1.000;-1.000;-1.000;-1.000;135855.500;532030.900;3.450;135855.500;532030.900;3.450;135857.977;532030.560;3.610;135867.880;532029.190;3.980;-1.000;-1.000;-1.000;-1.000;-1.000;-1.000;135882.250;532027.220;-0.200;-1.000;-1.000;-1.000;-1.000;-1.000;-1.000;135883.730;532027.020;-0.240
