TrajectID;MechanismID;SubMechanism;TimeIntegration
205;1;1;1
205;11;11;1
205;11;14;1
205;11;16;1
205;3;3;1
205;101;102;1
205;101;103;1
11-1;1;1;1
11-1;11;11;3
11-1;11;14;3
11-1;11;16;3
11-1;3;5;3
11-1;101;102;3
11-1;101;103;3
34-1;1;1;1
34-1;11;11;3
34-1;11;14;3
34-1;11;16;3
34-1;3;5;3
34-1;101;102;3
34-1;101;103;3
34-2;1;1;3
34-2;11;11;3
34-2;11;14;3
34-2;11;16;3
34-2;3;5;3
34-2;101;102;3
34-2;101;103;3
34a-1;1;1;1
34a-1;11;11;1
34a-1;11;14;1
34a-1;11;16;1
34a-1;3;5;1
34a-1;101;102;1
34a-1;101;103;1
35-2;1;1;1
35-2;11;11;3
35-2;11;14;3
35-2;11;16;3
35-2;3;5;3
35-2;101;102;3
35-2;101;103;3
45-2;1;1;1
45-2;11;11;1
45-2;11;14;1
45-2;11;16;1
45-2;3;3;1
45-2;101;102;1
45-2;101;103;1
46-1;1;1;1
46-1;11;11;1
46-1;11;14;1
46-1;11;16;1
46-1;3;3;1
46-1;101;102;1
46-1;101;103;1
52-1;1;1;1
52-1;11;11;1
52-1;11;14;1
52-1;11;16;1
52-1;3;3;1
52-1;101;102;1
52-1;101;103;1
52-2;1;1;1
52-2;11;11;3
52-2;11;14;3
52-2;11;16;3
52-2;3;5;3
52-2;101;102;3
52-2;101;103;3
52-3;1;1;1
52-3;11;11;1
52-3;11;14;1
52-3;11;16;1
52-3;3;5;1
52-3;101;102;1
52-3;101;103;1
52-4;1;1;1
52-4;11;11;3
52-4;11;14;3
52-4;11;16;3
52-4;3;5;3
52-4;101;102;3
52-4;101;103;3
52a-1;1;1;1
52a-1;11;11;3
52a-1;11;14;3
52a-1;11;16;3
52a-1;3;5;3
52a-1;101;102;3
52a-1;101;103;3
87-1;1;1;1
87-1;11;11;1
87-1;11;14;1
87-1;11;16;1
87-1;3;3;1
87-1;101;102;1
87-1;101;103;1
1-1;1;1;1
1-1;11;11;1
1-1;11;14;1
1-1;11;16;1
1-1;3;3;1
1-1;101;102;1
1-1;101;103;1
1-2;1;1;1
1-2;11;11;1
1-2;11;14;1
1-2;11;16;1
1-2;3;3;1
1-2;101;102;1
1-2;101;103;1
10-1;1;1;1
10-1;11;11;3
10-1;11;14;3
10-1;11;16;3
10-1;3;5;3
10-1;101;102;3
10-1;101;103;3
10-2;1;1;1
10-2;11;11;1
10-2;11;14;1
10-2;11;16;1
10-2;3;5;1
10-2;101;102;1
10-2;101;103;1
10-3;1;1;1
10-3;11;11;3
10-3;11;14;3
10-3;11;16;3
10-3;3;5;3
10-3;101;102;3
10-3;101;103;3
12-1;1;1;1
12-1;11;11;1
12-1;11;14;1
12-1;11;16;1
12-1;3;3;1
12-1;101;102;1
12-1;101;103;1
12-2;1;1;1
12-2;11;11;1
12-2;11;14;1
12-2;11;16;1
12-2;3;3;1
12-2;101;102;1
12-2;101;103;1
13-1;1;1;1
13-1;11;11;1
13-1;11;14;1
13-1;11;16;1
13-1;3;3;1
13-1;101;102;1
13-1;101;103;1
13-2;1;1;1
13-2;11;11;1
13-2;11;14;1
13-2;11;16;1
13-2;3;3;1
13-2;101;102;1
13-2;101;103;1
13-3;1;1;1
13-3;11;11;1
13-3;11;14;1
13-3;11;16;1
13-3;3;3;1
13-3;101;102;1
13-3;101;103;1
13-4;1;1;1
13-4;11;11;1
13-4;11;14;1
13-4;11;16;1
13-4;3;3;1
13-4;101;102;1
13-4;101;103;1
13-5;1;1;1
13-5;11;11;1
13-5;11;14;1
13-5;11;16;1
13-5;3;3;1
13-5;101;102;1
13-5;101;103;1
13-6;1;1;1
13-6;11;11;1
13-6;11;14;1
13-6;11;16;1
13-6;3;3;1
13-6;101;102;1
13-6;101;103;1
13-7;1;1;1
13-7;11;11;1
13-7;11;14;1
13-7;11;16;1
13-7;3;3;1
13-7;101;102;1
13-7;101;103;1
13-8;1;1;1
13-8;11;11;1
13-8;11;14;1
13-8;11;16;1
13-8;3;3;1
13-8;101;102;1
13-8;101;103;1
13-9;1;1;1
13-9;11;11;1
13-9;11;14;1
13-9;11;16;1
13-9;3;3;1
13-9;101;102;1
13-9;101;103;1
14-3;1;1;1
14-3;11;11;1
14-3;11;14;1
14-3;11;16;1
14-3;3;5;1
14-3;101;102;1
14-3;101;103;1
14-4;1;1;1
14-4;11;11;1
14-4;11;14;1
14-4;11;16;1
14-4;3;3;1
14-4;101;102;1
14-4;101;103;1
14-5;1;1;1
14-5;11;11;1
14-5;11;14;1
14-5;11;16;1
14-5;3;3;1
14-5;101;102;1
14-5;101;103;1
14-6;1;1;1
14-6;11;11;1
14-6;11;14;1
14-6;11;16;1
14-6;3;3;1
14-6;101;102;1
14-6;101;103;1
14-7;1;1;1
14-7;11;11;1
14-7;11;14;1
14-7;11;16;1
14-7;3;3;1
14-7;101;102;1
14-7;101;103;1
14-9;1;1;1
14-9;11;11;1
14-9;11;14;1
14-9;11;16;1
14-9;3;3;1
14-9;101;102;1
14-9;101;103;1
14-10;1;1;1
14-10;11;11;1
14-10;11;14;1
14-10;11;16;1
14-10;3;3;1
14-10;101;102;1
14-10;101;103;1
16-1;1;1;1
16-1;11;11;1
16-1;11;14;1
16-1;11;16;1
16-1;3;5;1
16-1;101;102;1
16-1;101;103;1
16-2;1;1;3
16-2;11;11;3
16-2;11;14;3
16-2;11;16;3
16-2;3;5;3
16-2;101;102;3
16-2;101;103;3
16-3;1;1;3
16-3;11;11;3
16-3;11;14;3
16-3;11;16;3
16-3;3;5;3
16-3;101;102;3
16-3;101;103;3
16-4;1;1;3
16-4;11;11;3
16-4;11;14;3
16-4;11;16;3
16-4;3;5;3
16-4;101;102;3
16-4;101;103;3
17-1;1;1;3
17-1;11;11;1
17-1;11;14;1
17-1;11;16;1
17-1;3;5;1
17-1;101;102;1
17-1;101;103;1
17-2;1;1;3
17-2;11;11;1
17-2;11;14;1
17-2;11;16;1
17-2;3;5;1
17-2;101;102;1
17-2;101;103;1
17-3;1;1;3
17-3;11;11;1
17-3;11;14;1
17-3;11;16;1
17-3;3;5;1
17-3;101;102;1
17-3;101;103;1
18-1;1;1;3
18-1;11;11;1
18-1;11;14;1
18-1;11;16;1
18-1;3;5;1
18-1;101;102;1
18-1;101;103;1
19-1;1;1;1
19-1;11;11;1
19-1;11;14;1
19-1;11;16;1
19-1;3;3;1
19-1;101;102;1
19-1;101;103;1
2-2;1;1;1
2-2;11;11;1
2-2;11;14;1
2-2;11;16;1
2-2;3;3;1
2-2;101;102;1
2-2;101;103;1
20-1;1;1;1
20-1;11;11;1
20-1;11;14;1
20-1;11;16;1
20-1;3;3;1
20-1;101;102;1
20-1;101;103;1
20-2;1;1;1
20-2;11;11;1
20-2;11;14;1
20-2;11;16;1
20-2;3;3;1
20-2;101;102;1
20-2;101;103;1
20-3;1;1;3
20-3;11;11;3
20-3;11;14;3
20-3;11;16;3
20-3;3;5;3
20-3;101;102;3
20-3;101;103;3
20-4;1;1;3
20-4;11;11;3
20-4;11;14;3
20-4;11;16;3
20-4;3;5;3
20-4;101;102;3
20-4;101;103;3
21-1;1;1;3
21-1;11;11;3
21-1;11;14;3
21-1;11;16;3
21-1;3;5;3
21-1;101;102;3
21-1;101;103;3
21-2;1;1;3
21-2;11;11;3
21-2;11;14;3
21-2;11;16;3
21-2;3;5;3
21-2;101;102;3
21-2;101;103;3
22-1;1;1;3
22-1;11;11;3
22-1;11;14;3
22-1;11;16;3
22-1;3;5;3
22-1;101;102;3
22-1;101;103;3
22-2;1;1;3
22-2;11;11;3
22-2;11;14;3
22-2;11;16;3
22-2;3;5;3
22-2;101;102;3
22-2;101;103;3
23-1;1;1;1
23-1;11;11;3
23-1;11;14;3
23-1;11;16;3
23-1;3;5;3
23-1;101;102;3
23-1;101;103;3
24-1;1;1;1
24-1;11;11;1
24-1;11;14;1
24-1;11;16;1
24-1;3;5;1
24-1;101;102;1
24-1;101;103;1
24-2;1;1;1
24-2;11;11;1
24-2;11;14;1
24-2;11;16;1
24-2;3;5;1
24-2;101;102;1
24-2;101;103;1
24-3;1;1;1
24-3;11;11;3
24-3;11;14;3
24-3;11;16;3
24-3;3;5;3
24-3;101;102;3
24-3;101;103;3
25-1;1;1;1
25-1;11;11;1
25-1;11;14;1
25-1;11;16;1
25-1;3;3;1
25-1;101;102;1
25-1;101;103;1
25-2;1;1;3
25-2;11;11;3
25-2;11;14;3
25-2;11;16;3
25-2;3;5;3
25-2;101;102;3
25-2;101;103;3
26-1;1;1;1
26-1;11;11;1
26-1;11;14;1
26-1;11;16;1
26-1;3;3;1
26-1;101;102;1
26-1;101;103;1
26-2;1;1;1
26-2;11;11;1
26-2;11;14;1
26-2;11;16;1
26-2;3;3;1
26-2;101;102;1
26-2;101;103;1
26-3;1;1;1
26-3;11;11;1
26-3;11;14;1
26-3;11;16;1
26-3;3;3;1
26-3;101;102;1
26-3;101;103;1
27-1;1;1;1
27-1;11;11;1
27-1;11;14;1
27-1;11;16;1
27-1;3;3;1
27-1;101;102;1
27-1;101;103;1
27-2;1;1;1
27-2;11;11;1
27-2;11;14;1
27-2;11;16;1
27-2;3;3;1
27-2;101;102;1
27-2;101;103;1
28-1;1;1;1
28-1;11;11;1
28-1;11;14;1
28-1;11;16;1
28-1;3;3;1
28-1;101;102;1
28-1;101;103;1
29-3;1;1;1
29-3;11;11;1
29-3;11;14;1
29-3;11;16;1
29-3;3;3;1
29-3;101;102;1
29-3;101;103;1
29-4;1;1;1
29-4;11;11;1
29-4;11;14;1
29-4;11;16;1
29-4;3;3;1
29-4;101;102;1
29-4;101;103;1
3-2;1;1;1
3-2;11;11;1
3-2;11;14;1
3-2;11;16;1
3-2;3;3;1
3-2;101;102;1
3-2;101;103;1
30-2;1;1;1
30-2;11;11;1
30-2;11;14;1
30-2;11;16;1
30-2;3;3;1
30-2;101;102;1
30-2;101;103;1
30-3;1;1;1
30-3;11;11;1
30-3;11;14;1
30-3;11;16;1
30-3;3;3;1
30-3;101;102;1
30-3;101;103;1
30-4;1;1;1
30-4;11;11;1
30-4;11;14;1
30-4;11;16;1
30-4;3;3;1
30-4;101;102;1
30-4;101;103;1
31-1;1;1;1
31-1;11;11;1
31-1;11;14;1
31-1;11;16;1
31-1;3;3;1
31-1;101;102;1
31-1;101;103;1
31-2;1;1;1
31-2;11;11;1
31-2;11;14;1
31-2;11;16;1
31-2;3;3;1
31-2;101;102;1
31-2;101;103;1
32-1;1;1;1
32-1;11;11;1
32-1;11;14;1
32-1;11;16;1
32-1;3;3;1
32-1;101;102;1
32-1;101;103;1
32-2;1;1;1
32-2;11;11;1
32-2;11;14;1
32-2;11;16;1
32-2;3;3;1
32-2;101;102;1
32-2;101;103;1
32-3;1;1;1
32-3;11;11;1
32-3;11;14;1
32-3;11;16;1
32-3;3;3;1
32-3;101;102;1
32-3;101;103;1
32-4;1;1;1
32-4;11;11;1
32-4;11;14;1
32-4;11;16;1
32-4;3;3;1
32-4;101;102;1
32-4;101;103;1
36-1;1;1;1
36-1;11;11;1
36-1;11;14;1
36-1;11;16;1
36-1;3;3;1
36-1;101;102;1
36-1;101;103;1
36-2;1;1;1
36-2;11;11;1
36-2;11;14;1
36-2;11;16;1
36-2;3;3;1
36-2;101;102;1
36-2;101;103;1
36-3;1;1;1
36-3;11;11;1
36-3;11;14;1
36-3;11;16;1
36-3;3;3;1
36-3;101;102;1
36-3;101;103;1
36-5;1;1;1
36-5;11;11;1
36-5;11;14;1
36-5;11;16;1
36-5;3;5;1
36-5;101;102;1
36-5;101;103;1
36a-1;1;1;1
36a-1;11;11;1
36a-1;11;14;1
36a-1;11;16;1
36a-1;3;3;1
36a-1;101;102;1
36a-1;101;103;1
38-1;1;1;1
38-1;11;11;1
38-1;11;14;1
38-1;11;16;1
38-1;3;5;1
38-1;101;102;1
38-1;101;103;1
38-2;1;1;1
38-2;11;11;1
38-2;11;14;1
38-2;11;16;1
38-2;3;5;1
38-2;101;102;1
38-2;101;103;1
39-1;1;1;1
39-1;11;11;1
39-1;11;14;1
39-1;11;16;1
39-1;3;5;1
39-1;101;102;1
39-1;101;103;1
4-2;1;1;1
4-2;11;11;1
4-2;11;14;1
4-2;11;16;1
4-2;3;3;1
4-2;101;102;1
4-2;101;103;1
40-1;1;1;1
40-1;11;11;1
40-1;11;14;1
40-1;11;16;1
40-1;3;5;1
40-1;101;102;1
40-1;101;103;1
40-2;1;1;1
40-2;11;11;1
40-2;11;14;1
40-2;11;16;1
40-2;3;5;1
40-2;101;102;1
40-2;101;103;1
41-1;1;1;1
41-1;11;11;1
41-1;11;14;1
41-1;11;16;1
41-1;3;3;1
41-1;101;102;1
41-1;101;103;1
41-2;1;1;1
41-2;11;11;1
41-2;11;14;1
41-2;11;16;1
41-2;3;5;1
41-2;101;102;1
41-2;101;103;1
41-3;1;1;1
41-3;11;11;1
41-3;11;14;1
41-3;11;16;1
41-3;3;5;1
41-3;101;102;1
41-3;101;103;1
41-4;1;1;1
41-4;11;11;1
41-4;11;14;1
41-4;11;16;1
41-4;3;3;1
41-4;101;102;1
41-4;101;103;1
42-1;1;1;1
42-1;11;11;1
42-1;11;14;1
42-1;11;16;1
42-1;3;3;1
42-1;101;102;1
42-1;101;103;1
43-1;1;1;1
43-1;11;11;1
43-1;11;14;1
43-1;11;16;1
43-1;3;3;1
43-1;101;102;1
43-1;101;103;1
43-2;1;1;1
43-2;11;11;1
43-2;11;14;1
43-2;11;16;1
43-2;3;3;1
43-2;101;102;1
43-2;101;103;1
43-3;1;1;1
43-3;11;11;1
43-3;11;14;1
43-3;11;16;1
43-3;3;3;1
43-3;101;102;1
43-3;101;103;1
43-4;1;1;1
43-4;11;11;1
43-4;11;14;1
43-4;11;16;1
43-4;3;3;1
43-4;101;102;1
43-4;101;103;1
43-5;1;1;1
43-5;11;11;1
43-5;11;14;1
43-5;11;16;1
43-5;3;3;1
43-5;101;102;1
43-5;101;103;1
43-6;1;1;1
43-6;11;11;1
43-6;11;14;1
43-6;11;16;1
43-6;3;5;1
43-6;101;102;1
43-6;101;103;1
44-2;1;1;1
44-2;11;11;1
44-2;11;14;1
44-2;11;16;1
44-2;3;3;1
44-2;101;102;1
44-2;101;103;1
47-1;1;1;1
47-1;11;11;1
47-1;11;14;1
47-1;11;16;1
47-1;3;3;1
47-1;101;102;1
47-1;101;103;1
48-1;1;1;1
48-1;11;11;1
48-1;11;14;1
48-1;11;16;1
48-1;3;3;1
48-1;101;102;1
48-1;101;103;1
48-2;1;1;1
48-2;11;11;1
48-2;11;14;1
48-2;11;16;1
48-2;3;3;1
48-2;101;102;1
48-2;101;103;1
48-3;1;1;1
48-3;11;11;1
48-3;11;14;1
48-3;11;16;1
48-3;3;3;1
48-3;101;102;1
48-3;101;103;1
49-1;1;1;1
49-1;11;11;1
49-1;11;14;1
49-1;11;16;1
49-1;3;3;1
49-1;101;102;1
49-1;101;103;1
49-2;1;1;1
49-2;11;11;1
49-2;11;14;1
49-2;11;16;1
49-2;3;3;1
49-2;101;102;1
49-2;101;103;1
5-1;1;1;1
5-1;11;11;1
5-1;11;14;1
5-1;11;16;1
5-1;3;3;1
5-1;101;102;1
5-1;101;103;1
5-2;1;1;1
5-2;11;11;1
5-2;11;14;1
5-2;11;16;1
5-2;3;3;1
5-2;101;102;1
5-2;101;103;1
50-1;1;1;1
50-1;11;11;1
50-1;11;14;1
50-1;11;16;1
50-1;3;3;1
50-1;101;102;1
50-1;101;103;1
50-2;1;1;1
50-2;11;11;1
50-2;11;14;1
50-2;11;16;1
50-2;3;3;1
50-2;101;102;1
50-2;101;103;1
51-1;1;1;1
51-1;11;11;1
51-1;11;14;1
51-1;11;16;1
51-1;3;3;1
51-1;101;102;1
51-1;101;103;1
53-1;1;1;1
53-1;11;11;1
53-1;11;14;1
53-1;11;16;1
53-1;3;3;1
53-1;101;102;1
53-1;101;103;1
53-2;1;1;1
53-2;11;11;3
53-2;11;14;3
53-2;11;16;3
53-2;3;5;3
53-2;101;102;3
53-2;101;103;3
53-3;1;1;1
53-3;11;11;3
53-3;11;14;3
53-3;11;16;3
53-3;3;5;3
53-3;101;102;3
53-3;101;103;3
56-1;1;1;1
56-1;11;11;1
56-1;11;14;1
56-1;11;16;1
56-1;3;3;1
56-1;101;102;1
56-1;101;103;1
58-1;1;1;1
58-1;11;11;1
58-1;11;14;1
58-1;11;16;1
58-1;3;3;1
58-1;101;102;1
58-1;101;103;1
59-1;1;1;1
59-1;11;11;1
59-1;11;14;1
59-1;11;16;1
59-1;3;3;1
59-1;101;102;1
59-1;101;103;1
6-1;1;1;1
6-1;11;11;1
6-1;11;14;1
6-1;11;16;1
6-1;3;3;1
6-1;101;102;1
6-1;101;103;1
6-2;1;1;1
6-2;11;11;1
6-2;11;14;1
6-2;11;16;1
6-2;3;3;1
6-2;101;102;1
6-2;101;103;1
6-3;1;1;1
6-3;11;11;1
6-3;11;14;1
6-3;11;16;1
6-3;3;3;1
6-3;101;102;1
6-3;101;103;1
6-4;1;1;1
6-4;11;11;1
6-4;11;14;1
6-4;11;16;1
6-4;3;3;1
6-4;101;102;1
6-4;101;103;1
6-5;1;1;1
6-5;11;11;1
6-5;11;14;1
6-5;11;16;1
6-5;3;3;1
6-5;101;102;1
6-5;101;103;1
6-6;1;1;1
6-6;11;11;1
6-6;11;14;1
6-6;11;16;1
6-6;3;3;1
6-6;101;102;1
6-6;101;103;1
6-7;1;1;1
6-7;11;11;1
6-7;11;14;1
6-7;11;16;1
6-7;3;3;1
6-7;101;102;1
6-7;101;103;1
60-1;1;1;1
60-1;11;11;1
60-1;11;14;1
60-1;11;16;1
60-1;3;3;1
60-1;101;102;1
60-1;101;103;1
61-1;1;1;1
61-1;11;11;1
61-1;11;14;1
61-1;11;16;1
61-1;3;3;1
61-1;101;102;1
61-1;101;103;1
63-1;1;1;1
63-1;11;11;1
63-1;11;14;1
63-1;11;16;1
63-1;3;3;1
63-1;101;102;1
63-1;101;103;1
64-1;1;1;1
64-1;11;11;1
64-1;11;14;1
64-1;11;16;1
64-1;3;3;1
64-1;101;102;1
64-1;101;103;1
65-1;1;1;1
65-1;11;11;1
65-1;11;14;1
65-1;11;16;1
65-1;3;3;1
65-1;101;102;1
65-1;101;103;1
66-1;1;1;1
66-1;11;11;1
66-1;11;14;1
66-1;11;16;1
66-1;3;3;1
66-1;101;102;1
66-1;101;103;1
67-1;1;1;1
67-1;11;11;1
67-1;11;14;1
67-1;11;16;1
67-1;3;3;1
67-1;101;102;1
67-1;101;103;1
68-1;1;1;1
68-1;11;11;1
68-1;11;14;1
68-1;11;16;1
68-1;3;3;1
68-1;101;102;1
68-1;101;103;1
68-2;1;1;1
68-2;11;11;1
68-2;11;14;1
68-2;11;16;1
68-2;3;3;1
68-2;101;102;1
68-2;101;103;1
69-1;1;1;1
69-1;11;11;1
69-1;11;14;1
69-1;11;16;1
69-1;3;3;1
69-1;101;102;1
69-1;101;103;1
7-1;1;1;1
7-1;11;11;1
7-1;11;14;1
7-1;11;16;1
7-1;3;5;1
7-1;101;102;1
7-1;101;103;1
7-2;1;1;1
7-2;11;11;1
7-2;11;14;1
7-2;11;16;1
7-2;3;3;1
7-2;101;102;1
7-2;101;103;1
70-1;1;1;1
70-1;11;11;1
70-1;11;14;1
70-1;11;16;1
70-1;3;3;1
70-1;101;102;1
70-1;101;103;1
71-1;1;1;1
71-1;11;11;1
71-1;11;14;1
71-1;11;16;1
71-1;3;3;1
71-1;101;102;1
71-1;101;103;1
72-1;1;1;1
72-1;11;11;1
72-1;11;14;1
72-1;11;16;1
72-1;3;3;1
72-1;101;102;1
72-1;101;103;1
73-1;1;1;1
73-1;11;11;1
73-1;11;14;1
73-1;11;16;1
73-1;3;3;1
73-1;101;102;1
73-1;101;103;1
75-1;1;1;1
75-1;11;11;1
75-1;11;14;1
75-1;11;16;1
75-1;3;3;1
75-1;101;102;1
75-1;101;103;1
76-2;1;1;1
76-2;11;11;1
76-2;11;14;1
76-2;11;16;1
76-2;3;3;1
76-2;101;102;1
76-2;101;103;1
76a-1;1;1;1
76a-1;11;11;1
76a-1;11;14;1
76a-1;11;16;1
76a-1;3;3;1
76a-1;101;102;1
76a-1;101;103;1
77-1;1;1;1
77-1;11;11;1
77-1;11;14;1
77-1;11;16;1
77-1;3;3;1
77-1;101;102;1
77-1;101;103;1
8-1;1;1;1
8-1;11;11;1
8-1;11;14;1
8-1;11;16;1
8-1;3;3;1
8-1;101;102;1
8-1;101;103;1
8-2;1;1;1
8-2;11;11;1
8-2;11;14;1
8-2;11;16;1
8-2;3;3;1
8-2;101;102;1
8-2;101;103;1
8-3;1;1;1
8-3;11;11;1
8-3;11;14;1
8-3;11;16;1
8-3;3;3;1
8-3;101;102;1
8-3;101;103;1
8-4;1;1;1
8-4;11;11;1
8-4;11;14;1
8-4;11;16;1
8-4;3;5;1
8-4;101;102;1
8-4;101;103;1
80-1;1;1;1
80-1;11;11;1
80-1;11;14;1
80-1;11;16;1
80-1;3;3;1
80-1;101;102;1
80-1;101;103;1
81-1;1;1;1
81-1;11;11;1
81-1;11;14;1
81-1;11;16;1
81-1;3;3;1
81-1;101;102;1
81-1;101;103;1
82-1;1;1;1
82-1;11;11;1
82-1;11;14;1
82-1;11;16;1
82-1;3;3;1
82-1;101;102;1
82-1;101;103;1
83-1;1;1;1
83-1;11;11;1
83-1;11;14;1
83-1;11;16;1
83-1;3;3;1
83-1;101;102;1
83-1;101;103;1
85-1;1;1;1
85-1;11;11;1
85-1;11;14;1
85-1;11;16;1
85-1;3;3;1
85-1;101;102;1
85-1;101;103;1
86-1;1;1;1
86-1;11;11;1
86-1;11;14;1
86-1;11;16;1
86-1;3;3;1
86-1;101;102;1
86-1;101;103;1
88-1;1;1;1
88-1;11;11;1
88-1;11;14;1
88-1;11;16;1
88-1;3;3;1
88-1;101;102;1
88-1;101;103;1
89-1;1;1;1
89-1;11;11;1
89-1;11;14;1
89-1;11;16;1
89-1;3;3;1
89-1;101;102;1
89-1;101;103;1
9-1;1;1;1
9-1;11;11;3
9-1;11;14;3
9-1;11;16;3
9-1;3;5;3
9-1;101;102;3
9-1;101;103;3
9-2;1;1;1
9-2;11;11;3
9-2;11;14;3
9-2;11;16;3
9-2;3;5;3
9-2;101;102;3
9-2;101;103;3
90-1;1;1;1
90-1;11;11;1
90-1;11;14;1
90-1;11;16;1
90-1;3;3;1
90-1;101;102;1
90-1;101;103;1
91-1;1;1;1
91-1;11;11;1
91-1;11;14;1
91-1;11;16;1
91-1;3;3;1
91-1;101;102;1
91-1;101;103;1
92-1;1;1;1
92-1;11;11;1
92-1;11;14;1
92-1;11;16;1
92-1;3;3;1
92-1;101;102;1
92-1;101;103;1
93-1;1;1;1
93-1;11;11;1
93-1;11;14;1
93-1;11;16;1
93-1;3;3;1
93-1;101;102;1
93-1;101;103;1
94-1;1;1;1
94-1;11;11;1
94-1;11;14;1
94-1;11;16;1
94-1;3;3;1
94-1;101;102;1
94-1;101;103;1
95-1;1;1;1
95-1;11;11;1
95-1;11;14;1
95-1;11;16;1
95-1;3;3;1
95-1;101;102;1
95-1;101;103;1
221;1;1;1
221;11;11;1
221;11;14;1
221;11;16;1
221;3;3;1
221;101;102;1
221;101;103;1
224;1;1;1
224;11;11;1
224;11;14;1
224;11;16;1
224;3;5;1
224;101;102;1
224;101;103;1
202;1;1;1
202;11;11;1
202;11;14;1
202;11;16;1
202;3;5;1
202;101;102;1
202;101;103;1
11-3;1;1;1
11-3;11;11;1
11-3;11;14;1
11-3;11;16;1
11-3;3;3;1
11-3;101;102;1
11-3;101;103;1
34-3;1;1;1
34-3;11;11;1
34-3;11;14;1
34-3;11;16;1
34-3;3;3;1
34-3;101;102;1
34-3;101;103;1
34-4;1;1;1
34-4;11;11;1
34-4;11;14;1
34-4;11;16;1
34-4;3;3;1
34-4;101;102;1
34-4;101;103;1
34-5;1;1;1
34-5;11;11;1
34-5;11;14;1
34-5;11;16;1
34-5;3;3;1
34-5;101;102;1
34-5;101;103;1
15-3;1;1;1
15-3;11;11;1
15-3;11;14;1
15-3;11;16;1
15-3;3;3;1
15-3;101;102;1
15-3;101;103;1
15-2;1;1;3
15-2;11;11;3
15-2;11;14;3
15-2;11;16;3
15-2;3;5;3
15-2;101;102;3
15-2;101;103;3
16-5;1;1;1
16-5;11;11;1
16-5;11;14;1
16-5;11;16;1
16-5;3;3;1
16-5;101;102;1
16-5;101;103;1
25-4;1;1;1
25-4;11;11;1
25-4;11;14;1
25-4;11;16;1
25-4;3;3;1
25-4;101;102;1
25-4;101;103;1
26-4;1;1;1
26-4;11;11;1
26-4;11;14;1
26-4;11;16;1
26-4;3;3;1
26-4;101;102;1
26-4;101;103;1
27-3;1;1;1
27-3;11;11;1
27-3;11;14;1
27-3;11;16;1
27-3;3;3;1
27-3;101;102;1
27-3;101;103;1
31-3;1;1;1
31-3;11;11;1
31-3;11;14;1
31-3;11;16;1
31-3;3;3;1
31-3;101;102;1
31-3;101;103;1
8-5;1;1;1
8-5;11;11;1
8-5;11;14;1
8-5;11;16;1
8-5;3;3;1
8-5;101;102;1
8-5;101;103;1
8-7;1;1;1
8-7;11;11;1
8-7;11;14;1
8-7;11;16;1
8-7;3;3;1
8-7;101;102;1
8-7;101;103;1
36-4;1;1;1
36-4;11;11;1
36-4;11;14;1
36-4;11;16;1
36-4;3;5;1
36-4;101;102;1
36-4;101;103;1
223;1;1;1
223;11;11;1
223;11;14;1
223;11;16;1
223;3;3;1
223;101;102;1
223;101;103;1
219;1;1;1
219;11;11;1
219;11;14;1
219;11;16;1
219;3;3;1
219;101;102;1
219;101;103;1
216;1;1;1
216;11;11;1
216;11;14;1
216;11;16;1
216;3;3;1
216;101;102;1
216;101;103;1
218;1;1;1
218;11;11;1
218;11;14;1
218;11;16;1
218;3;3;1
218;101;102;1
218;101;103;1
217;1;1;1
217;11;11;1
217;11;14;1
217;11;16;1
217;3;3;1
217;101;102;1
217;101;103;1
214;1;1;1
214;11;11;1
214;11;14;1
214;11;16;1
214;3;3;1
214;101;102;1
214;101;103;1
213;1;1;1
213;11;11;1
213;11;14;1
213;11;16;1
213;3;5;1
213;101;102;1
213;101;103;1
227;1;1;1
227;11;11;1
227;11;14;1
227;11;16;1
227;3;3;1
227;101;102;1
227;101;103;1
225;1;1;1
225;11;11;3
225;11;14;3
225;11;16;3
225;3;5;3
225;101;102;3
225;101;103;3
204a;1;1;1
204a;11;11;1
204a;11;14;1
204a;11;16;1
204a;3;3;1
204a;101;102;1
204a;101;103;1
44-3;1;1;1
44-3;11;11;1
44-3;11;14;1
44-3;11;16;1
44-3;3;3;1
44-3;101;102;1
44-3;101;103;1
201;1;1;1
201;11;11;1
201;11;14;1
201;11;16;1
201;3;3;1
201;101;102;1
201;101;103;1
208;1;1;1
208;11;11;3
208;11;14;3
208;11;16;3
208;3;5;3
208;101;102;3
208;101;103;3
209;1;1;1
209;11;11;1
209;11;14;1
209;11;16;1
209;3;3;1
209;101;102;1
209;101;103;1
211;1;1;1
211;11;11;3
211;11;14;3
211;11;16;3
211;3;5;3
211;101;102;3
211;101;103;3
215;1;1;3
215;11;11;3
215;11;14;3
215;11;16;3
215;3;5;3
215;101;102;3
215;101;103;3
14-2;1;1;3
14-2;11;11;3
14-2;11;14;3
14-2;11;16;3
14-2;3;5;3
14-2;101;102;3
14-2;101;103;3
210;1;1;3
210;11;11;3
210;11;14;3
210;11;16;3
210;3;5;3
210;101;102;3
210;101;103;3
15-1;1;1;1
15-1;11;11;3
15-1;11;14;3
15-1;11;16;3
15-1;3;5;3
15-1;101;102;3
15-1;101;103;3
44-1;1;1;1
44-1;11;11;3
44-1;11;14;3
44-1;11;16;3
44-1;3;5;3
44-1;101;102;3
44-1;101;103;3
30-1;1;1;1
30-1;11;11;1
30-1;11;14;1
30-1;11;16;1
30-1;3;3;1
30-1;101;102;1
30-1;101;103;1
222;1;1;1
222;11;11;1
222;11;14;1
222;11;16;1
222;3;3;1
222;101;102;1
222;101;103;1
206;1;1;1
206;11;11;3
206;11;14;3
206;11;16;3
206;3;5;3
206;101;102;3
206;101;103;3
3-1;1;1;1
3-1;11;11;1
3-1;11;14;1
3-1;11;16;1
3-1;3;3;1
3-1;101;102;1
3-1;101;103;1
2-1;1;1;1
2-1;11;11;1
2-1;11;14;1
2-1;11;16;1
2-1;3;3;1
2-1;101;102;1
2-1;101;103;1
25-3;1;1;1
25-3;11;11;1
25-3;11;14;1
25-3;11;16;1
25-3;3;3;1
25-3;101;102;1
25-3;101;103;1
45-3;1;1;1
45-3;11;11;1
45-3;11;14;1
45-3;11;16;1
45-3;3;3;1
45-3;101;102;1
45-3;101;103;1
37-1;1;1;1
37-1;11;11;1
37-1;11;14;1
37-1;11;16;1
37-1;3;3;1
37-1;101;102;1
37-1;101;103;1
14-1;1;1;1
14-1;11;11;1
14-1;11;14;1
14-1;11;16;1
14-1;3;3;1
14-1;101;102;1
14-1;101;103;1
13b-1;1;1;1
13b-1;11;11;1
13b-1;11;14;1
13b-1;11;16;1
13b-1;3;3;1
13b-1;101;102;1
13b-1;101;103;1
45-1;1;1;1
45-1;11;11;1
45-1;11;14;1
45-1;11;16;1
45-1;3;3;1
45-1;101;102;1
45-1;101;103;1
13a-1;1;1;1
13a-1;11;11;1
13a-1;11;14;1
13a-1;11;16;1
13a-1;3;3;1
13a-1;101;102;1
13a-1;101;103;1
14-8;1;1;1
14-8;11;11;1
14-8;11;14;1
14-8;11;16;1
14-8;3;3;1
14-8;101;102;1
14-8;101;103;1
29-1;1;1;1
29-1;11;11;1
29-1;11;14;1
29-1;11;16;1
29-1;3;3;1
29-1;101;102;1
29-1;101;103;1
29-2;1;1;1
29-2;11;11;1
29-2;11;14;1
29-2;11;16;1
29-2;3;3;1
29-2;101;102;1
29-2;101;103;1
33-1;1;1;1
33-1;11;11;1
33-1;11;14;1
33-1;11;16;1
33-1;3;3;1
33-1;101;102;1
33-1;101;103;1
79-1;1;1;1
79-1;11;11;1
79-1;11;14;1
79-1;11;16;1
79-1;3;3;1
79-1;101;102;1
79-1;101;103;1
226;1;1;1
226;11;11;1
226;11;14;1
226;11;16;1
226;3;5;1
226;101;102;1
226;101;103;1
11-2;1;1;1
11-2;11;11;3
11-2;11;14;3
11-2;11;16;3
11-2;3;5;3
11-2;101;102;3
11-2;101;103;3
8-6;1;1;1
8-6;11;11;1
8-6;11;14;1
8-6;11;16;1
8-6;3;3;1
8-6;101;102;1
8-6;101;103;1
4-1;1;1;1
4-1;11;11;1
4-1;11;14;1
4-1;11;16;1
4-1;3;3;1
4-1;101;102;1
4-1;101;103;1
212;1;1;3
212;11;11;3
212;11;14;3
212;11;16;3
212;3;5;3
212;101;102;3
212;101;103;3
204b;1;1;1
204b;11;11;1
204b;11;14;1
204b;11;16;1
204b;3;3;1
204b;101;102;1
204b;101;103;1
78a-1;1;1;1
78a-1;11;11;1
78a-1;11;14;1
78a-1;11;16;1
78a-1;3;3;1
78a-1;101;102;1
78a-1;101;103;1
55-1;1;1;1
55-1;11;11;1
55-1;11;14;1
55-1;11;16;1
55-1;3;3;1
55-1;101;102;1
55-1;101;103;1
54-1;1;1;1
54-1;11;11;1
54-1;11;14;1
54-1;11;16;1
54-1;3;3;1
54-1;101;102;1
54-1;101;103;1
78-1;1;1;1
78-1;11;11;1
78-1;11;14;1
78-1;11;16;1
78-1;3;3;1
78-1;101;102;1
78-1;101;103;1
76-1;1;1;1
76-1;11;11;1
76-1;11;14;1
76-1;11;16;1
76-1;3;3;1
76-1;101;102;1
76-1;101;103;1
74-1;1;1;1
74-1;11;11;1
74-1;11;14;1
74-1;11;16;1
74-1;3;3;1
74-1;101;102;1
74-1;101;103;1
57-1;1;1;1
57-1;11;11;1
57-1;11;14;1
57-1;11;16;1
57-1;3;3;1
57-1;101;102;1
57-1;101;103;1
35-1;1;1;3
35-1;11;11;3
35-1;11;14;3
35-1;11;16;3
35-1;3;5;3
35-1;101;102;3
35-1;101;103;3
27-4;1;1;1
27-4;11;11;1
27-4;11;14;1
27-4;11;16;1
27-4;3;3;1
27-4;101;102;1
27-4;101;103;1
